地點,時間,日期,星期幾,當下溫度,商品品項,貨架上庫存量,原價,折扣(off),剩餘保存期限,Unnamed: 14,剩餘保存期限_小時,折扣規則,售價規則,商品大類_其他,商品大類_熟食/其他,商品大類_肉類,商品大類_蔬果類,商品大類_魚類,商品大類_麵包甜點類,停車狀況_一般,停車狀況_多,停車狀況_少,停車狀況_無,人流量_一般,人流量_多,人流量_少,天氣_晴天,天氣_陰天,天氣_雨天,折扣預測,售價預測
大全聯 中壢店,19:00-20:00,2025-03-26,星期三,24,雞三節翅,6,120,20.0,1.0,,28,0.15,102.0,0,0,1,0,0,0,0,1,0,0,1,0,0,1,0,0,0.15,102.0
大全聯 中壢店,19:00-20:01,2025-03-26,星期三,24,里肌火鍋片,6,216,36.0,1.0,,28,0.15,183.6,0,0,1,0,0,0,0,1,0,0,1,0,0,1,0,0,0.15,184.0
大全聯 中壢店,19:00-20:02,2025-03-26,星期三,24,豬白肉火鍋片,6,166,20.0,1.0,,28,0.15,141.1,0,0,1,0,0,0,0,1,0,0,1,0,0,1,0,0,0.15,141.0
大全聯 中壢店,19:00-20:03,2025-03-26,星期三,24,雪花火鍋肉片,8,207,20.0,1.0,,28,0.15,175.95,0,0,1,0,0,0,0,1,0,0,1,0,0,1,0,0,0.15,176.0
大全聯 中壢店,19:00-20:04,2025-03-26,星期三,24,翼板牛排,4,230,20.0,1.0,,28,0.15,195.5,0,0,1,0,0,0,0,1,0,0,1,0,0,1,0,0,0.15,196.0
大全聯 中壢店,19:00-20:05,2025-03-26,星期三,24,澳洲羊梅花火鍋片,6,251,20.0,2.0,,52,0.0,251.0,0,0,1,0,0,0,0,1,0,0,1,0,0,1,0,0,0.0,251.0
大全聯 中壢店,19:00-20:06,2025-03-26,星期三,24,澳洲小羊肩排,9,269,36.0,1.0,,28,0.15,228.65,0,0,1,0,0,0,0,1,0,0,1,0,0,1,0,0,0.15,229.0
大全聯 中壢店,19:00-20:07,2025-03-26,星期三,24,嚴選鮭魚切片,5,519,30.0,1.0,,28,0.1,467.1,0,0,0,0,1,0,0,1,0,0,1,0,0,1,0,0,0.1,467.0
大全聯 中壢店,19:00-20:08,2025-03-26,星期三,24,楓糖菠蘿麵包,5,42,20.0,2.0,,52,0.0,42.0,0,0,0,0,0,1,0,1,0,0,1,0,0,1,0,0,0.0,42.0
大全聯 中壢店,19:00-20:09,2025-03-26,星期三,24,溫室小白菜,3,38,48.0,0.0,,4,0.45,20.900000000000002,0,0,0,1,0,0,0,1,0,0,1,0,0,1,0,0,0.45,21.0
大全聯 中壢店,19:00-20:10,2025-03-26,星期三,24,台灣香蕉,15,114,57.0,0.0,,4,0.25,85.5,1,0,0,0,0,0,0,1,0,0,1,0,0,1,0,0,0.25,86.0
大全聯 中壢店,19:00-20:10,2025-03-26,星期三,24,日本青森富士蜜蘋果,1,177,50.0,0.0,,4,0.45,97.35000000000001,0,0,0,1,0,0,0,1,0,0,1,0,0,1,0,0,0.45,97.0
大全聯 中壢店,15:27:00,2025-03-29,星期六,14,鮭魚,2,71,10.0,0.0,,24,0.25,53.25,0,0,0,0,1,0,0,1,0,0,1,0,0,0,1,0,0.25,53.0
大全聯 中壢店,15:27:00,2025-03-29,星期六,14,豬梅花肉片,2,174,10.0,0.0,,24,0.3,121.8,0,0,1,0,0,0,0,1,0,0,1,0,0,0,1,0,0.3,122.0
大全聯 中壢店,15:27:00,2025-03-29,星期六,14,雪花牛肉,4,197,20.0,1.0,,48,0.15,167.45,0,0,1,0,0,0,0,1,0,0,1,0,0,0,1,0,0.15,167.0
大全聯 中壢店,19:25-19:50,2025-04-01,星期二,14,雞清胸肉,2,153,20.0,1.0,,29,0.15,130.04999999999998,0,0,1,0,0,0,0,1,0,0,0,0,1,0,1,0,0.15,130.0
大全聯 中壢店,19:25-19:50,2025-04-01,星期二,14,里肌火鍋片,6,192,20.0,1.0,,29,0.15,163.2,0,0,1,0,0,0,0,1,0,0,0,0,1,0,1,0,0.15,163.0
大全聯 中壢店,19:25-19:50,2025-04-01,星期二,14,豬白肉火鍋片,9,185,20.0,1.0,,29,0.15,157.25,0,0,1,0,0,0,0,1,0,0,0,0,1,0,1,0,0.15,157.0
大全聯 中壢店,19:25-19:50,2025-04-01,星期二,14,雪花火鍋肉片,17,284,36.0,0.0,,5,0.6,113.60000000000001,0,0,1,0,0,0,0,1,0,0,0,0,1,0,1,0,0.6,114.0
大全聯 中壢店,19:25-19:50,2025-04-01,星期二,14,翼板牛排,2,374,20.0,1.0,,29,0.15,317.9,0,0,1,0,0,0,0,1,0,0,0,0,1,0,1,0,0.15,318.0
大全聯 中壢店,19:25-19:50,2025-04-01,星期二,14,澳洲羊梅花火鍋片,10,347,20.0,2.0,,53,0.0,347.0,0,0,1,0,0,0,0,1,0,0,0,0,1,0,1,0,0.0,347.0
大全聯 中壢店,19:25-19:50,2025-04-01,星期二,14,澳洲小羊肩排,2,291,20.0,2.0,,53,0.0,291.0,0,0,1,0,0,0,0,1,0,0,0,0,1,0,1,0,0.0,291.0
大全聯 中壢店,19:25-19:50,2025-04-01,星期二,14,嚴選鮭魚切片,2,458,30.0,1.0,,29,0.1,412.2,0,0,0,0,1,0,0,1,0,0,0,0,1,0,1,0,0.1,412.0
大全聯 中壢店,19:25-19:50,2025-04-01,星期二,14,台灣白玉蘿蔔,5,64,50.0,0.0,,5,0.25,48.0,1,0,0,0,0,0,0,1,0,0,0,0,1,0,1,0,0.25,48.0
大全聯 中壢店,19:25-19:50,2025-04-01,星期二,14,葡式蛋塔,8,100,21.0,0.0,,5,0.4,60.0,0,0,0,0,0,1,0,1,0,0,0,0,1,0,1,0,0.4,60.0
大全聯 中壢店,19:25-19:50,2025-04-01,星期二,14,英式鬆餅Scone,9,84,34.0,2.0,,53,0.0,84.0,0,0,0,0,0,1,0,1,0,0,0,0,1,0,1,0,0.0,84.0
大全聯 中壢店,19:25-19:50,2025-04-01,星期二,14,生吐司,2,99,20.0,1.0,,29,0.05,94.05,0,0,0,0,0,1,0,1,0,0,0,0,1,0,1,0,0.05,94.0
大全聯 中壢店,18:55-19:10,2025-04-02,星期三,19,雞清胸肉,2,166,20.0,1.0,,29,0.15,141.1,0,0,1,0,0,0,0,1,0,0,0,1,0,1,0,0,0.15,141.0
大全聯 中壢店,18:55-19:10,2025-04-02,星期三,19,雞三節翅,8,211,20.0,1.0,,29,0.15,179.35,0,0,1,0,0,0,0,1,0,0,0,1,0,1,0,0,0.15,179.0
大全聯 中壢店,18:55-19:10,2025-04-02,星期三,19,里肌火鍋片,2,206,20.0,1.0,,29,0.15,175.1,0,0,1,0,0,0,0,1,0,0,0,1,0,1,0,0,0.15,175.0
大全聯 中壢店,18:55-19:10,2025-04-02,星期三,19,豬白肉火鍋片,3,172,20.0,1.0,,29,0.15,146.2,0,0,1,0,0,0,0,1,0,0,0,1,0,1,0,0,0.15,146.0
大全聯 中壢店,18:55-19:10,2025-04-02,星期三,19,安格斯無骨燒烤肉片,8,250,20.0,1.0,,29,0.15,212.5,0,0,1,0,0,0,0,1,0,0,0,1,0,1,0,0,0.15,212.0
大全聯 中壢店,18:55-19:10,2025-04-02,星期三,19,澳洲羊梅花火鍋片,15,325,36.0,1.0,,29,0.15,276.25,0,0,1,0,0,0,0,1,0,0,0,1,0,1,0,0,0.15,276.0
大全聯 中壢店,18:55-19:10,2025-04-02,星期三,19,刻花魷魚,3,99,30.0,1.0,,29,0.1,89.10000000000001,0,0,0,0,1,0,0,1,0,0,0,1,0,1,0,0,0.1,89.0
大全聯 中壢店,18:55-19:10,2025-04-02,星期三,19,台灣香蕉,1,169,54.0,0.0,,5,0.25,126.75,1,0,0,0,0,0,0,1,0,0,0,1,0,1,0,0,0.25,127.0
大全聯 中壢店,14:29:00,2025-07-19,星期六,32,鮭魚丁,1,164,20.0,0.0,,24,0.25,123.0,0,0,0,0,1,0,0,1,0,0,0,1,0,1,0,0,0.25,123.0
大全聯 中壢店,14:29:00,2025-07-19,星期六,32,豆腸,3,104,30.0,0.0,,24,0.2,83.2,0,0,0,1,0,0,0,1,0,0,0,1,0,1,0,0,0.2,83.0
大全聯 中壢店,14:29:00,2025-07-19,星期六,32,蘭花乾,2,54,30.0,0.0,,24,0.1,48.6,1,0,0,0,0,0,0,1,0,0,0,1,0,1,0,0,0.1,49.0
大全聯 中壢店,14:29:00,2025-07-19,星期六,32,三角油豆腐,1,43,10.0,0.0,,24,0.2,34.4,0,0,0,1,0,0,0,1,0,0,0,1,0,1,0,0,0.2,34.0
大全聯 中壢店,14:29:00,2025-07-19,星期六,32,鮭魚骨,1,71,10.0,0.0,,24,0.25,53.25,0,0,0,0,1,0,0,1,0,0,0,1,0,1,0,0,0.25,53.0
大全聯 中壢店,14:29:00,2025-07-19,星期六,32,湯用魚肉,2,133,20.0,1.0,,48,0.15,113.05,0,0,1,0,0,0,0,1,0,0,0,1,0,1,0,0,0.15,113.0
大全聯 中壢店,14:29:00,2025-07-19,星期六,32,火鍋魚片,1,58,10.0,1.0,,48,0.1,52.2,0,0,0,0,1,0,0,1,0,0,0,1,0,1,0,0,0.1,52.0
大全聯 中壢店,17:40:00,2025-04-23,星期三,30,牛排,8,292,20.0,1.0,,48,0.15,248.2,0,0,1,0,0,0,0,1,0,0,1,0,0,1,0,0,0.15,248.0
大全聯 中壢店,17:40:00,2025-04-23,星期三,30,CAB冷藏雪花火鍋,13,252,20.0,1.0,,48,0.05,239.39999999999998,1,0,0,0,0,0,0,1,0,0,1,0,0,1,0,0,0.05,239.0
大全聯 中壢店,17:40:00,2025-04-23,星期三,30,澳洲冷藏牛肉,7,370,20.0,1.0,,48,0.15,314.5,0,0,1,0,0,0,0,1,0,0,1,0,0,1,0,0,0.15,314.0
大全聯 中壢店,19:19:00,2025-09-23,星期二,29,挪威鮭魚切片(大),2,296,20.0,1.0,,48,0.1,266.40000000000003,0,0,0,0,1,0,0,1,0,0,0,0,1,0,0,1,0.1,266.0
大全聯 中壢店,19:19:00,2025-09-23,星期二,29,台灣高山高麗菜,6,49,60.0,0.0,,24,0.2,39.2,0,0,0,1,0,0,0,1,0,0,0,0,1,0,0,1,0.2,39.0
大全聯 中壢店,19:19:00,2025-09-23,星期二,29,澳洲冷藏小羊肩排,7,269,20.0,2.0,,72,0.0,269.0,0,0,1,0,0,0,0,1,0,0,0,0,1,0,0,1,0.0,269.0
大全聯 中壢店,19:19:00,2025-09-23,星期二,29,澳洲牛肩里肌牛排,4,192,20.0,1.0,,48,0.15,163.2,0,0,1,0,0,0,0,1,0,0,0,0,1,0,0,1,0.15,163.0
大全聯 中壢店,19:19:00,2025-09-23,星期二,29,安格斯牛小排燒烤片,6,404,20.0,1.0,,48,0.15,343.4,0,0,1,0,0,0,0,1,0,0,0,0,1,0,0,1,0.15,343.0
大全聯 中壢店,19:19:00,2025-09-23,星期二,29,美國無骨牛小排火鍋片,3,252,20.0,1.0,,48,0.15,214.2,0,0,1,0,0,0,0,1,0,0,0,0,1,0,0,1,0.15,214.0
大全聯 中壢店,19:19:00,2025-09-23,星期二,29,冷藏豬小排切塊,13,266,20.0,1.0,,48,0.15,226.1,0,0,1,0,0,0,0,1,0,0,0,0,1,0,0,1,0.15,226.0
大全聯 中壢店,19:19:00,2025-09-23,星期二,29,葡式蛋塔,11,95,20.0,0.0,,24,0.15,80.75,0,0,0,0,0,1,0,1,0,0,0,0,1,0,0,1,0.15,81.0
大全聯 中壢店,19:19:00,2025-09-23,星期二,29,白吐司,8,72,20.0,1.0,,48,0.05,68.39999999999999,0,0,0,0,0,1,0,1,0,0,0,0,1,0,0,1,0.05,68.0
大全聯 中壢店,19:19:00,2025-09-23,星期二,29,酥烤培根麵包,11,38,20.0,2.0,,72,0.0,38.0,0,0,0,0,0,1,0,1,0,0,0,0,1,0,0,1,0.0,38.0
大全聯 中壢店,19:19:00,2025-09-23,星期二,29,豬梅花火鍋/薄切肉片,5,217,20.0,1.0,,48,0.15,184.45,0,0,1,0,0,0,0,1,0,0,0,0,1,0,0,1,0.15,184.0
大全聯 中壢店,19:19:00,2025-09-23,星期二,29,冷藏豬里肌火鍋片,4,169,20.0,1.0,,48,0.15,143.65,0,0,1,0,0,0,0,1,0,0,0,0,1,0,0,1,0.15,144.0
大全聯 中壢店,19:24:00,2025-09-24,星期三,30,刻花魷魚,2,92,20.0,1.0,,48,0.1,82.8,0,0,0,0,1,0,0,1,0,0,0,1,0,1,0,0,0.1,83.0
大全聯 中壢店,19:24:00,2025-09-24,星期三,30,魚皮,3,110,44.0,0.0,,24,0.25,82.5,0,0,0,0,1,0,0,1,0,0,0,1,0,1,0,0,0.25,82.0
大全聯 中壢店,19:24:00,2025-09-24,星期三,30,海帶絲,3,45,20.0,1.0,,48,0.05,42.75,1,0,0,0,0,0,0,1,0,0,0,1,0,1,0,0,0.05,43.0
大全聯 中壢店,19:24:00,2025-09-24,星期三,30,澳洲冷藏羊梅花火鍋片,8,255,20.0,2.0,,72,0.0,255.0,0,0,1,0,0,0,0,1,0,0,0,1,0,1,0,0,0.0,255.0
大全聯 中壢店,19:24:00,2025-09-24,星期三,30,冷藏雞三節翅/大包裝,5,238,20.0,1.0,,48,0.15,202.29999999999998,0,0,1,0,0,0,0,1,0,0,0,1,0,1,0,0,0.15,202.0
大全聯 中壢店,19:24:00,2025-09-24,星期三,30,冷藏肉國產冷藏雞棒腿,3,93,20.0,1.0,,48,0.15,79.05,0,0,1,0,0,0,0,1,0,0,0,1,0,1,0,0,0.15,79.0
大全聯 中壢店,19:24:00,2025-09-24,星期三,30,美國冷藏肋眼牛排,4,294,28.0,1.0,,48,0.15,249.9,0,0,1,0,0,0,0,1,0,0,0,1,0,1,0,0,0.15,250.0
大全聯 中壢店,19:24:00,2025-09-24,星期三,30,美國翼板霜降牛排,2,170,20.0,1.0,,48,0.15,144.5,0,0,1,0,0,0,0,1,0,0,0,1,0,1,0,0,0.15,144.0
大全聯 中壢店,19:24:00,2025-09-24,星期三,30,安格斯牛小排火鍋片,6,361,20.0,1.0,,48,0.15,306.84999999999997,0,0,1,0,0,0,0,1,0,0,0,1,0,1,0,0,0.15,307.0
大全聯 中壢店,19:24:00,2025-09-24,星期三,30,冷藏品-本草豬尾冬骨,4,138,20.0,1.0,,48,0.15,117.3,0,0,1,0,0,0,0,1,0,0,0,1,0,1,0,0,0.15,117.0
大全聯 中壢店,19:24:00,2025-09-24,星期三,30,豬梅花火鍋/薄切肉片,2,203,20.0,1.0,,48,0.15,172.54999999999998,0,0,1,0,0,0,0,1,0,0,0,1,0,1,0,0,0.15,173.0
大全聯 中壢店,19:24:00,2025-09-24,星期三,30,豬五花火鍋/薄切肉片,5,91,20.0,1.0,,48,0.15,77.35,0,0,1,0,0,0,0,1,0,0,0,1,0,1,0,0,0.15,77.0
大全聯 中壢店,19:24:00,2025-09-24,星期三,30,葡式蛋塔,9,95,20.0,0.0,,24,0.15,80.75,0,0,0,0,0,1,0,1,0,0,0,1,0,1,0,0,0.15,81.0
大全聯 中壢店,19:24:00,2025-09-24,星期三,30,菠蘿可頌,6,39,30.0,0.0,,24,0.15,33.15,0,0,0,0,0,1,0,1,0,0,0,1,0,1,0,0,0.15,33.0
大全聯 中壢店,19:24:00,2025-09-24,星期三,30,柏林甜甜圈(檸檬),4,33,20.0,2.0,,72,0.0,33.0,0,0,0,0,0,1,0,1,0,0,0,1,0,1,0,0,0.0,33.0
大全聯 中壢店,19:39:00,2025-09-25,星期四,30,冷藏鮭魚輪切,9,126,10.0,1.0,,48,0.1,113.4,0,0,0,0,1,0,0,1,0,0,1,0,0,1,0,0,0.1,113.0
大全聯 中壢店,19:39:00,2025-09-25,星期四,30,刻花魷魚,4,89,20.0,1.0,,48,0.1,80.10000000000001,0,0,0,0,1,0,0,1,0,0,1,0,0,1,0,0,0.1,80.0
大全聯 中壢店,19:39:00,2025-09-25,星期四,30,雪螺,3,77,44.0,0.0,,24,0.1,69.3,1,0,0,0,0,0,0,1,0,0,1,0,0,1,0,0,0.1,69.0
大全聯 中壢店,19:39:00,2025-09-25,星期四,30,海帶絲,3,30,44.0,0.0,,24,0.1,27.0,1,0,0,0,0,0,0,1,0,0,1,0,0,1,0,0,0.1,27.0
大全聯 中壢店,19:39:00,2025-09-25,星期四,30,澳洲冷藏羊梅花火鍋片,5,248,36.0,1.0,,48,0.15,210.79999999999998,0,0,1,0,0,0,0,1,0,0,1,0,0,1,0,0,0.15,211.0
大全聯 中壢店,19:39:00,2025-09-25,星期四,30,冷藏雞里肌肉/大包裝,12,258,20.0,1.0,,48,0.15,219.29999999999998,0,0,1,0,0,0,0,1,0,0,1,0,0,1,0,0,0.15,219.0
大全聯 中壢店,19:39:00,2025-09-25,星期四,30,冷藏雞三節翅/大包裝,14,236,20.0,1.0,,48,0.15,200.6,0,0,1,0,0,0,0,1,0,0,1,0,0,1,0,0,0.15,201.0
大全聯 中壢店,19:39:00,2025-09-25,星期四,30,冷藏肉國產冷藏雞棒腿,4,93,20.0,1.0,,48,0.15,79.05,0,0,1,0,0,0,0,1,0,0,1,0,0,1,0,0,0.15,79.0
大全聯 中壢店,19:39:00,2025-09-25,星期四,30,美國冷藏沙朗心牛排,7,207,20.0,1.0,,48,0.15,175.95,0,0,1,0,0,0,0,1,0,0,1,0,0,1,0,0,0.15,176.0
大全聯 中壢店,19:39:00,2025-09-25,星期四,30,安格斯牛小排燒烤片,11,35,20.0,1.0,,48,0.15,29.75,0,0,1,0,0,0,0,1,0,0,1,0,0,1,0,0,0.15,30.0
大全聯 中壢店,19:39:00,2025-09-25,星期四,30,安格斯牛小排火鍋片,5,396,20.0,1.0,,48,0.15,336.59999999999997,0,0,1,0,0,0,0,1,0,0,1,0,0,1,0,0,0.15,337.0
大全聯 中壢店,19:39:00,2025-09-25,星期四,30,冷藏豬肋小排切塊,4,203,20.0,1.0,,48,0.15,172.54999999999998,0,0,1,0,0,0,0,1,0,0,1,0,0,1,0,0,0.15,173.0
大全聯 中壢店,19:39:00,2025-09-25,星期四,30,冷藏肉-豬大骨,6,80,48.8,0.0,,24,0.3,56.0,0,0,1,0,0,0,0,1,0,0,1,0,0,1,0,0,0.3,56.0
大全聯 中壢店,19:39:00,2025-09-25,星期四,30,冷藏本草豬五花烤肉片,8,305,20.0,1.0,,48,0.15,259.25,0,0,1,0,0,0,0,1,0,0,1,0,0,1,0,0,0.15,259.0
大全聯 中壢店,19:39:00,2025-09-25,星期四,30,冷藏本草豬里肌火鍋片,7,307,20.0,1.0,,48,0.15,260.95,0,0,1,0,0,0,0,1,0,0,1,0,0,1,0,0,0.15,261.0
大全聯 中壢店,19:39:00,2025-09-25,星期四,30,豬里肌火鍋/薄切肉片,6,86,20.0,1.0,,48,0.15,73.1,0,0,1,0,0,0,0,1,0,0,1,0,0,1,0,0,0.15,73.0
大全聯 中壢店,19:39:00,2025-09-25,星期四,30,冷藏肉-豬五花肉條,2,264,20.0,1.0,,48,0.15,224.4,0,0,1,0,0,0,0,1,0,0,1,0,0,1,0,0,0.15,224.0
大全聯 中壢店,19:39:00,2025-09-25,星期四,30,葡式蛋塔,10,95,20.0,0.0,,24,0.15,80.75,0,0,0,0,0,1,0,1,0,0,1,0,0,1,0,0,0.15,81.0
大全聯 中壢店,19:39:00,2025-09-25,星期四,30,古早味蛋糕,2,89,36.0,0.0,,24,0.15,75.64999999999999,0,0,0,0,0,1,0,1,0,0,1,0,0,1,0,0,0.15,76.0
大全聯 中壢店,19:39:00,2025-09-25,星期四,30,香鬆蔥花蛋糕,5,88,36.0,0.0,,24,0.2,70.4,0,0,0,1,0,0,0,1,0,0,1,0,0,1,0,0,0.2,70.0
大全聯 中壢店,19:39:00,2025-09-25,星期四,30,小米甜甜圈,3,24,20.0,2.0,,72,0.0,24.0,0,0,0,0,0,1,0,1,0,0,1,0,0,1,0,0,0.0,24.0
大全聯 中壢店,19:39:00,2025-09-25,星期四,30,麥香吐司,3,78,36.0,0.0,,24,0.15,66.3,0,0,0,0,0,1,0,1,0,0,1,0,0,1,0,0,0.15,66.0
大全聯 中壢店,20:02-20:15,2025-09-27,星期六,28,冷藏鮭魚切倫,7,149,10.0,1.0,,28,0.1,134.1,0,0,0,0,1,0,0,1,0,0,1,0,0,1,0,0,0.1,134.0
大全聯 中壢店,20:02-20:15,2025-09-27,星期六,28,雪螺,3,85,20.0,1.0,,28,0.05,80.75,1,0,0,0,0,0,0,1,0,0,1,0,0,1,0,0,0.05,81.0
大全聯 中壢店,20:02-20:15,2025-09-27,星期六,28,海帶絲,4,34,20.0,1.0,,28,0.05,32.3,1,0,0,0,0,0,0,1,0,0,1,0,0,1,0,0,0.05,32.0
大全聯 中壢店,20:02-20:15,2025-09-27,星期六,28,羊梅花火鍋片,3,238,36.0,1.0,,28,0.15,202.29999999999998,0,0,1,0,0,0,0,1,0,0,1,0,0,1,0,0,0.15,202.0
大全聯 中壢店,20:02-20:15,2025-09-27,星期六,28,雞腿排肉切片,9,85,20.0,1.0,,28,0.15,72.25,0,0,1,0,0,0,0,1,0,0,1,0,0,1,0,0,0.15,72.0
大全聯 中壢店,20:02-20:15,2025-09-27,星期六,28,冷藏雞三節翅,8,198,20.0,1.0,,28,0.15,168.29999999999998,0,0,1,0,0,0,0,1,0,0,1,0,0,1,0,0,0.15,168.0
大全聯 中壢店,20:02-20:15,2025-09-27,星期六,28,牛嫩里肌肉塊,2,228,20.0,1.0,,28,0.15,193.79999999999998,0,0,1,0,0,0,0,1,0,0,1,0,0,1,0,0,0.15,194.0
大全聯 中壢店,20:02-20:15,2025-09-27,星期六,28,美國牛胸腹雪花火鍋片,3,196,20.0,1.0,,28,0.15,166.6,0,0,1,0,0,0,0,1,0,0,1,0,0,1,0,0,0.15,167.0
大全聯 中壢店,20:02-20:15,2025-09-27,星期六,28,草本豬特選里肌肉,3,394,20.0,1.0,,28,0.15,334.9,0,0,1,0,0,0,0,1,0,0,1,0,0,1,0,0,0.15,335.0
大全聯 中壢店,20:02-20:15,2025-09-27,星期六,28,草本豬龍骨,6,167,20.0,1.0,,28,0.15,141.95,0,0,1,0,0,0,0,1,0,0,1,0,0,1,0,0,0.15,142.0
大全聯 中壢店,20:02-20:15,2025-09-27,星期六,28,豬五花肉條,5,242,20.0,1.0,,28,0.15,205.7,0,0,1,0,0,0,0,1,0,0,1,0,0,1,0,0,0.15,206.0
大全聯 中壢店,20:02-20:15,2025-09-27,星期六,28,可可丹麥,6,39,30.0,0.0,,4,0.25,29.25,1,0,0,0,0,0,0,1,0,0,1,0,0,1,0,0,0.25,29.0
大全聯 中壢店,20:02-20:15,2025-09-27,星期六,28,螺旋酥捲,8,39,30.0,0.0,,4,0.25,29.25,1,0,0,0,0,0,0,1,0,0,1,0,0,1,0,0,0.25,29.0
大全聯 中壢店,20:02-20:15,2025-09-27,星期六,28,草莓巧克力可頌,7,43,30.0,0.0,,4,0.4,25.8,0,0,0,0,0,1,0,1,0,0,1,0,0,1,0,0,0.4,26.0
大全聯 中壢店,19:10-19:23,2025-09-28,星期日,26,海帶絲,1,41,43.0,0.0,,5,0.25,30.75,1,0,0,0,0,0,0,1,0,0,1,0,0,1,0,0,0.25,31.0
大全聯 中壢店,19:10-19:23,2025-09-28,星期日,26,羊梅花火鍋片,6,296,20.0,2.0,,53,0.0,296.0,0,0,1,0,0,0,0,1,0,0,1,0,0,1,0,0,0.0,296.0
大全聯 中壢店,19:10-19:23,2025-09-28,星期日,26,牛梅花火鍋片,5,131,20.0,1.0,,29,0.15,111.35,0,0,1,0,0,0,0,1,0,0,1,0,0,1,0,0,0.15,111.0
大全聯 中壢店,19:10-19:23,2025-09-28,星期日,26,牛嫩煎里肌肉塊,3,278,20.0,1.0,,29,0.15,236.29999999999998,0,0,1,0,0,0,0,1,0,0,1,0,0,1,0,0,0.15,236.0
大全聯 中壢店,19:10-19:23,2025-09-28,星期日,26,雞胸肉去皮,3,82,20.0,1.0,,29,0.15,69.7,0,0,1,0,0,0,0,1,0,0,1,0,0,1,0,0,0.15,70.0
大全聯 中壢店,19:10-19:23,2025-09-28,星期日,26,草本豬龍骨,5,147,20.0,1.0,,29,0.15,124.95,0,0,1,0,0,0,0,1,0,0,1,0,0,1,0,0,0.15,125.0
大全聯 中壢店,19:10-19:23,2025-09-28,星期日,26,豬梅花火鍋,3,89,20.0,1.0,,29,0.15,75.64999999999999,0,0,1,0,0,0,0,1,0,0,1,0,0,1,0,0,0.15,76.0
大全聯 中壢店,19:10-19:23,2025-09-28,星期日,26,豬里肌火鍋片,5,170,20.0,1.0,,29,0.15,144.5,0,0,1,0,0,0,0,1,0,0,1,0,0,1,0,0,0.15,144.0
大全聯 中壢店,19:10-19:23,2025-09-28,星期日,26,豬腱子肉,6,82,20.0,1.0,,29,0.15,69.7,0,0,1,0,0,0,0,1,0,0,1,0,0,1,0,0,0.15,70.0
大全聯 中壢店,19:10-19:23,2025-09-28,星期日,26,螺旋酥捲,8,39,30.0,0.0,,5,0.25,29.25,1,0,0,0,0,0,0,1,0,0,1,0,0,1,0,0,0.25,29.0
大全聯 中壢店,19:10-19:23,2025-09-28,星期日,26,葡式蛋塔,10,67,30.0,0.0,,5,0.4,40.199999999999996,0,0,0,0,0,1,0,1,0,0,1,0,0,1,0,0,0.4,40.0
大全聯 中壢店,19:10-19:23,2025-09-28,星期日,26,酥香培根麻糬球,10,39,20.0,0.0,,5,0.25,29.25,1,0,0,0,0,0,0,1,0,0,1,0,0,1,0,0,0.25,29.0
大全聯 中壢店,19:52:00,2025-09-30,星期二,30,白管,3,68,44.0,,,0,0.0,68.0,1,0,0,0,0,0,0,1,0,0,0,0,1,1,0,0,0.25,51.0
大全聯 中壢店,19:52:00,2025-09-30,星期二,30,澳洲冷藏小羊肩排,3,388,36.0,0.0,,24,0.3,271.59999999999997,0,0,1,0,0,0,0,1,0,0,0,0,1,1,0,0,0.3,272.0
大全聯 中壢店,19:52:00,2025-09-30,星期二,30,澳洲冷藏羊梅花火鍋片,4,272,20.0,1.0,,48,0.15,231.2,0,0,1,0,0,0,0,1,0,0,0,0,1,1,0,0,0.15,231.0
大全聯 中壢店,19:52:00,2025-09-30,星期二,30,冷藏雞里肌肉/大包裝,15,306,20.0,2.0,,72,0.0,306.0,0,0,1,0,0,0,0,1,0,0,0,0,1,1,0,0,0.0,306.0
大全聯 中壢店,19:52:00,2025-09-30,星期二,30,雞小腿,2,75,20.0,1.0,,48,0.15,63.75,0,0,1,0,0,0,0,1,0,0,0,0,1,1,0,0,0.15,64.0
大全聯 中壢店,19:52:00,2025-09-30,星期二,30,冷藏國產雞棒棒腿大包,7,163,20.0,1.0,,48,0.15,138.54999999999998,0,0,1,0,0,0,0,1,0,0,0,0,1,1,0,0,0.15,139.0
大全聯 中壢店,19:52:00,2025-09-30,星期二,30,冷藏雞二節翅/大包裝,2,198,20.0,1.0,,48,0.15,168.29999999999998,0,0,1,0,0,0,0,1,0,0,0,0,1,1,0,0,0.15,168.0
大全聯 中壢店,19:52:00,2025-09-30,星期二,30,土雞骨腿,7,434,36.0,1.0,,48,0.15,368.9,0,0,1,0,0,0,0,1,0,0,0,0,1,1,0,0,0.15,369.0
大全聯 中壢店,19:52:00,2025-09-30,星期二,30,美國冷藏沙朗心牛排,3,326,20.0,0.0,,24,0.3,228.2,0,0,1,0,0,0,0,1,0,0,0,0,1,1,0,0,0.3,228.0
大全聯 中壢店,19:52:00,2025-09-30,星期二,30,美國冷藏牛梅花牛排,5,353,20.0,1.0,,48,0.15,300.05,0,0,1,0,0,0,0,1,0,0,0,0,1,1,0,0,0.15,300.0
大全聯 中壢店,19:52:00,2025-09-30,星期二,30,美國牛嫩肩里肌燒烤片,10,294,20.0,1.0,,48,0.15,249.9,0,0,1,0,0,0,0,1,0,0,0,0,1,1,0,0,0.15,250.0
大全聯 中壢店,19:52:00,2025-09-30,星期二,30,安格斯牛小排火鍋片,7,433,20.0,1.0,,48,0.15,368.05,0,0,1,0,0,0,0,1,0,0,0,0,1,1,0,0,0.15,368.0
大全聯 中壢店,19:52:00,2025-09-30,星期二,30,美國無骨牛小排火烤片,5,274,20.0,1.0,,48,0.15,232.9,0,0,1,0,0,0,0,1,0,0,0,0,1,1,0,0,0.15,233.0
大全聯 中壢店,19:52:00,2025-09-30,星期二,30,冷藏本草豬里肌肉排,2,331,20.0,1.0,,48,0.15,281.34999999999997,0,0,1,0,0,0,0,1,0,0,0,0,1,1,0,0,0.15,281.0
大全聯 中壢店,19:52:00,2025-09-30,星期二,30,冷藏豬小排切塊,3,276,20.0,1.0,,48,0.15,234.6,0,0,1,0,0,0,0,1,0,0,0,0,1,1,0,0,0.15,235.0
大全聯 中壢店,19:52:00,2025-09-30,星期二,30,豬絞肉,5,157,36.0,1.0,,48,0.15,133.45,0,0,1,0,0,0,0,1,0,0,0,0,1,1,0,0,0.15,133.0
大全聯 中壢店,19:52:00,2025-09-30,星期二,30,豬里肌火鍋/薄切肉片,3,90,20.0,0.0,,24,0.3,62.99999999999999,0,0,1,0,0,0,0,1,0,0,0,0,1,1,0,0,0.3,63.0
大全聯 中壢店,19:52:00,2025-09-30,星期二,30,豬五花火鍋/薄切肉片,7,85,20.0,1.0,,48,0.15,72.25,0,0,1,0,0,0,0,1,0,0,0,0,1,1,0,0,0.15,72.0
大全聯 中壢店,19:52:00,2025-09-30,星期二,30,豬五花肉條(帶皮),2,183,20.0,1.0,,48,0.15,155.54999999999998,0,0,1,0,0,0,0,1,0,0,0,0,1,1,0,0,0.15,156.0
大全聯 中壢店,19:52:00,2025-09-30,星期二,30,葡式蛋塔,14,95,20.0,1.0,,48,0.05,90.25,0,0,0,0,0,1,0,1,0,0,0,0,1,1,0,0,0.05,90.0
大全聯 中壢店,19:52:00,2025-09-30,星期二,30,黑松露鹽可頌,5,34,30.0,0.0,,24,0.15,28.9,0,0,0,0,0,1,0,1,0,0,0,0,1,1,0,0,0.15,29.0
大全聯 中壢店,19:52:00,2025-09-30,星期二,30,菠蘿可頌,4,39,30.0,0.0,,24,0.15,33.15,0,0,0,0,0,1,0,1,0,0,0,0,1,1,0,0,0.15,33.0
大全聯 中壢店,19:52:00,2025-09-30,星期二,30,明太子可頌,6,43,30.0,0.0,,24,0.15,36.55,0,0,0,0,0,1,0,1,0,0,0,0,1,1,0,0,0.15,37.0
大全聯 中壢店,19:52:00,2025-09-30,星期二,30,日式起司棒,5,54,20.0,0.0,,24,0.1,48.6,1,0,0,0,0,0,0,1,0,0,0,0,1,1,0,0,0.1,49.0
大全聯 中壢店,19:52:00,2025-09-30,星期二,30,白吐司,9,40,20.0,2.0,,72,0.0,40.0,0,0,0,0,0,1,0,1,0,0,0,0,1,1,0,0,0.0,40.0
大全聯 中壢店,19:52:00,2025-09-30,星期二,30,花朵千層蛋塔,4,99,20.0,1.0,,48,0.05,94.05,0,0,0,0,0,1,0,1,0,0,0,0,1,1,0,0,0.05,94.0
大全聯 中壢店,19:52:00,2025-09-30,星期二,30,椰香蛋糕,3,99,36.0,0.0,,24,0.15,84.14999999999999,0,0,0,0,0,1,0,1,0,0,0,0,1,1,0,0,0.15,84.0
大全聯 中壢店,19:52:00,2025-09-30,星期二,30,英式鬆餅(葡萄),5,84,20.0,0.0,,24,0.15,71.39999999999999,0,0,0,0,0,1,0,1,0,0,0,0,1,1,0,0,0.15,71.0
大全聯 中壢店,17:44:00,2025-10-01,星期三,32,刻花魷魚,2,89,10.0,1.0,,48,0.1,80.10000000000001,0,0,0,0,1,0,0,1,0,0,0,1,0,1,0,0,0.1,80.0
大全聯 中壢店,17:44:00,2025-10-01,星期三,32,雪螺,4,73,20.0,1.0,,48,0.05,69.35,1,0,0,0,0,0,0,1,0,0,0,1,0,1,0,0,0.05,69.0
大全聯 中壢店,17:44:00,2025-10-01,星期三,32,雪螺,4,73,44.0,0.0,,24,0.1,65.7,1,0,0,0,0,0,0,1,0,0,0,1,0,1,0,0,0.1,66.0
大全聯 中壢店,17:44:00,2025-10-01,星期三,32,白管,4,79,20.0,1.0,,48,0.05,75.05,1,0,0,0,0,0,0,1,0,0,0,1,0,1,0,0,0.05,75.0
大全聯 中壢店,17:44:00,2025-10-01,星期三,32,冷藏去骨雞腿/大包裝,16,375,20.0,1.0,,48,0.15,318.75,0,0,1,0,0,0,0,1,0,0,0,1,0,1,0,0,0.15,319.0
大全聯 中壢店,17:44:00,2025-10-01,星期三,32,冷藏國產雞棒棒腿大包,13,159,20.0,1.0,,48,0.15,135.15,0,0,1,0,0,0,0,1,0,0,0,1,0,1,0,0,0.15,135.0
大全聯 中壢店,17:44:00,2025-10-01,星期三,32,冷藏雞三節翅/大包裝,5,226,20.0,1.0,,48,0.15,192.1,0,0,1,0,0,0,0,1,0,0,0,1,0,1,0,0,0.15,192.0
大全聯 中壢店,17:44:00,2025-10-01,星期三,32,美國冷藏沙朗心牛排,4,298,20.0,0.0,,24,0.3,208.6,0,0,1,0,0,0,0,1,0,0,0,1,0,1,0,0,0.3,209.0
大全聯 中壢店,17:44:00,2025-10-01,星期三,32,魚皮,3,102,44.0,0.0,,24,0.25,76.5,0,0,0,0,1,0,0,1,0,0,0,1,0,1,0,0,0.25,76.0
大全聯 中壢店,17:44:00,2025-10-01,星期三,32,挪威去刺鮭魚排,2,307,36.0,0.0,,24,0.3,214.89999999999998,0,0,1,0,0,0,0,1,0,0,0,1,0,1,0,0,0.3,215.0
大全聯 中壢店,17:44:00,2025-10-01,星期三,32,安格斯無骨牛小排大包,1,464,42.4,0.0,,24,0.3,324.79999999999995,0,0,1,0,0,0,0,1,0,0,0,1,0,1,0,0,0.3,325.0
大全聯 中壢店,17:44:00,2025-10-01,星期三,32,安格斯牛小排燒烤片,1,465,42.4,1.0,,48,0.15,395.25,0,0,1,0,0,0,0,1,0,0,0,1,0,1,0,0,0.15,395.0
大全聯 中壢店,17:44:00,2025-10-01,星期三,32,安格斯牛小排燒烤片,5,472,20.0,0.0,,24,0.3,330.4,0,0,1,0,0,0,0,1,0,0,0,1,0,1,0,0,0.3,330.0
大全聯 中壢店,17:44:00,2025-10-01,星期三,32,美國牛肩小排火鍋片,1,245,42.4,1.0,,48,0.15,208.25,0,0,1,0,0,0,0,1,0,0,0,1,0,1,0,0,0.15,208.0
大全聯 中壢店,17:44:00,2025-10-01,星期三,32,美國牛肩小排火鍋片,2,247,20.0,1.0,,48,0.15,209.95,0,0,1,0,0,0,0,1,0,0,0,1,0,1,0,0,0.15,210.0
大全聯 中壢店,17:44:00,2025-10-01,星期三,32,澳洲冷藏羊梅花火鍋片,4,272,36.0,0.0,,24,0.3,190.39999999999998,0,0,1,0,0,0,0,1,0,0,0,1,0,1,0,0,0.3,190.0
大全聯 中壢店,17:44:00,2025-10-01,星期三,32,冷藏本草豬後腿肉絲,2,357,42.4,1.0,,48,0.15,303.45,0,0,1,0,0,0,0,1,0,0,0,1,0,1,0,0,0.15,303.0
大全聯 中壢店,17:44:00,2025-10-01,星期三,32,本草豬附皮五花肉塊,6,356,20.0,1.0,,48,0.15,302.59999999999997,0,0,1,0,0,0,0,1,0,0,0,1,0,1,0,0,0.15,303.0
大全聯 中壢店,17:44:00,2025-10-01,星期三,32,附皮五花肉斯(快樂豬),4,206,42.4,1.0,,48,0.15,175.1,0,0,1,0,0,0,0,1,0,0,0,1,0,1,0,0,0.15,175.0
大全聯 中壢店,17:44:00,2025-10-01,星期三,32,冷藏豬小排切塊大包裝,8,454,20.0,0.0,,24,0.3,317.79999999999995,0,0,1,0,0,0,0,1,0,0,0,1,0,1,0,0,0.3,318.0
大全聯 中壢店,17:44:00,2025-10-01,星期三,32,草莓巧克力可頌,6,43,30.0,0.0,,24,0.15,36.55,0,0,0,0,0,1,0,1,0,0,0,1,0,1,0,0,0.15,37.0
大全聯 中壢店,17:44:00,2025-10-01,星期三,32,黑松露鹽可頌,3,34,30.0,0.0,,24,0.15,28.9,0,0,0,0,0,1,0,1,0,0,0,1,0,1,0,0,0.15,29.0
大全聯 中壢店,17:44:00,2025-10-01,星期三,32,菠蘿可頌,4,39,30.0,0.0,,24,0.15,33.15,0,0,0,0,0,1,0,1,0,0,0,1,0,1,0,0,0.15,33.0
大全聯 中壢店,17:44:00,2025-10-01,星期三,32,巧克力德國結,5,34,30.0,0.0,,24,0.1,30.6,1,0,0,0,0,0,0,1,0,0,0,1,0,1,0,0,0.1,31.0
大全聯 中壢店,17:44:00,2025-10-01,星期三,32,義式佛卡夏,5,34,30.0,0.0,,24,0.1,30.6,1,0,0,0,0,0,0,1,0,0,0,1,0,1,0,0,0.1,31.0
大全聯 中壢店,17:44:00,2025-10-01,星期三,32,香腸佛卡夏,4,43,30.0,0.0,,24,0.1,38.7,1,0,0,0,0,0,0,1,0,0,0,1,0,1,0,0,0.1,39.0
大全聯 中壢店,17:44:00,2025-10-01,星期三,32,明太子可頌,6,43,30.0,0.0,,24,0.15,36.55,0,0,0,0,0,1,0,1,0,0,0,1,0,1,0,0,0.15,37.0
大全聯 中壢店,17:44:00,2025-10-01,星期三,32,鮭魚乳酪可頌,5,39,30.0,0.0,,24,0.25,29.25,0,0,0,0,1,0,0,1,0,0,0,1,0,1,0,0,0.25,29.0
大全聯 中壢店,17:44:00,2025-10-01,星期三,32,椰香蛋糕,4,99,36.0,0.0,,24,0.15,84.14999999999999,0,0,0,0,0,1,0,1,0,0,0,1,0,1,0,0,0.15,84.0
大全聯 中壢店,17:44:00,2025-10-01,星期三,32,英式鬆餅(葡萄),5,84,36.0,0.0,,24,0.15,71.39999999999999,0,0,0,0,0,1,0,1,0,0,0,1,0,1,0,0,0.15,71.0
大全聯 中壢店,17:44:00,2025-10-01,星期三,32,白吐司,1,40,36.0,0.0,,24,0.15,34.0,0,0,0,0,0,1,0,1,0,0,0,1,0,1,0,0,0.15,34.0
大全聯 中壢店,17:44:00,2025-10-01,星期三,32,葡式蛋塔,22,95,20.0,0.0,,24,0.15,80.75,0,0,0,0,0,1,0,1,0,0,0,1,0,1,0,0,0.15,81.0
大全聯 中壢店,17:44:00,2025-10-01,星期三,32,豬絞肉,7,162,36.0,0.0,,24,0.3,113.39999999999999,0,0,1,0,0,0,0,1,0,0,0,1,0,1,0,0,0.3,113.0
大全聯 中壢店,17:44:00,2025-10-01,星期三,32,豬里肌火鍋/薄切肉片,4,83,20.0,1.0,,48,0.15,70.55,0,0,1,0,0,0,0,1,0,0,0,1,0,1,0,0,0.15,71.0
大全聯 中壢店,17:44:00,2025-10-01,星期三,32,冷藏本草豬五花烤肉片,12,382,20.0,1.0,,48,0.15,324.7,0,0,1,0,0,0,0,1,0,0,0,1,0,1,0,0,0.15,325.0
大全聯 中壢店,17:44:00,2025-10-01,星期三,32,豬五花肉條(帶皮),1,188,20.0,1.0,,48,0.15,159.79999999999998,0,0,1,0,0,0,0,1,0,0,0,1,0,1,0,0,0.15,160.0
大全聯 中壢店,17:44:00,2025-10-01,星期三,32,冷藏肉-豬五花肉條,2,269,20.0,1.0,,48,0.15,228.65,0,0,1,0,0,0,0,1,0,0,0,1,0,1,0,0,0.15,229.0
大全聯 中壢店,18:35:00,2025-10-02,星期四,30,螺肉,2,77,36.0,0.0,,24,0.3,53.9,0,0,1,0,0,0,0,1,0,0,0,1,0,1,0,0,0.3,54.0
大全聯 中壢店,18:35:00,2025-10-02,星期四,30,白管,1,79,36.0,0.0,,24,0.1,71.10000000000001,1,0,0,0,0,0,0,1,0,0,0,1,0,1,0,0,0.1,71.0
大全聯 中壢店,18:35:00,2025-10-02,星期四,30,魚皮,1,87,36.0,0.0,,24,0.25,65.25,0,0,0,0,1,0,0,1,0,0,0,1,0,1,0,0,0.25,65.0
大全聯 中壢店,18:35:00,2025-10-02,星期四,30,冷藏雞里肌肉/大包裝,9,211,20.0,1.0,,48,0.15,179.35,0,0,1,0,0,0,0,1,0,0,0,1,0,1,0,0,0.15,179.0
大全聯 中壢店,18:35:00,2025-10-02,星期四,30,冷藏國產雞棒棒腿大包,14,176,20.0,1.0,,48,0.15,149.6,0,0,1,0,0,0,0,1,0,0,0,1,0,1,0,0,0.15,150.0
大全聯 中壢店,18:35:00,2025-10-02,星期四,30,雞小腿,1,145,20.0,1.0,,48,0.15,123.25,0,0,1,0,0,0,0,1,0,0,0,1,0,1,0,0,0.15,123.0
大全聯 中壢店,18:35:00,2025-10-02,星期四,30,冷藏雞三節翅/大包裝,15,188,20.0,1.0,,48,0.15,159.79999999999998,0,0,1,0,0,0,0,1,0,0,0,1,0,1,0,0,0.15,160.0
大全聯 中壢店,18:35:00,2025-10-02,星期四,30,美國冷藏沙朗心牛排,1,264,20.0,1.0,,48,0.15,224.4,0,0,1,0,0,0,0,1,0,0,0,1,0,1,0,0,0.15,224.0
大全聯 中壢店,18:35:00,2025-10-02,星期四,30,安格斯無骨牛小排大包,4,409,20.0,1.0,,48,0.15,347.65,0,0,1,0,0,0,0,1,0,0,0,1,0,1,0,0,0.15,348.0
大全聯 中壢店,18:35:00,2025-10-02,星期四,30,安格斯牛小排燒烤片,12,432,20.0,1.0,,48,0.15,367.2,0,0,1,0,0,0,0,1,0,0,0,1,0,1,0,0,0.15,367.0
大全聯 中壢店,18:35:00,2025-10-02,星期四,30,安格斯牛小排火鍋片,7,437,20.0,1.0,,48,0.15,371.45,0,0,1,0,0,0,0,1,0,0,0,1,0,1,0,0,0.15,371.0
大全聯 中壢店,18:35:00,2025-10-02,星期四,30,澳洲冷藏羊梅花火鍋片,2,272,60.0,0.0,,24,0.3,190.39999999999998,0,0,1,0,0,0,0,1,0,0,0,1,0,1,0,0,0.3,190.0
大全聯 中壢店,18:35:00,2025-10-02,星期四,30,澳洲冷藏羊梅花炒肉片,2,333,60.0,0.0,,24,0.3,233.1,0,0,1,0,0,0,0,1,0,0,0,1,0,1,0,0,0.3,233.0
大全聯 中壢店,18:35:00,2025-10-02,星期四,30,冷藏品-本草豬龍骨,3,165,20.0,1.0,,48,0.15,140.25,0,0,1,0,0,0,0,1,0,0,0,1,0,1,0,0,0.15,140.0
大全聯 中壢店,18:35:00,2025-10-02,星期四,30,豬絞肉,4,146,36.0,0.0,,24,0.3,102.19999999999999,0,0,1,0,0,0,0,1,0,0,0,1,0,1,0,0,0.3,102.0
大全聯 中壢店,18:35:00,2025-10-02,星期四,30,附皮五花肉斯(快樂豬),1,210,63.0,0.0,,24,0.3,147.0,0,0,1,0,0,0,0,1,0,0,0,1,0,1,0,0,0.3,147.0
大全聯 中壢店,18:35:00,2025-10-02,星期四,30,豬里肌火鍋/薄切肉片,6,85,20.0,1.0,,48,0.15,72.25,0,0,1,0,0,0,0,1,0,0,0,1,0,1,0,0,0.15,72.0
大全聯 中壢店,18:35:00,2025-10-02,星期四,30,豬五花火鍋/薄切肉片,12,190,20.0,1.0,,48,0.15,161.5,0,0,1,0,0,0,0,1,0,0,0,1,0,1,0,0,0.15,162.0
大全聯 中壢店,18:35:00,2025-10-02,星期四,30,冷藏肉-豬五花肉條,5,242,20.0,1.0,,48,0.15,205.7,0,0,1,0,0,0,0,1,0,0,0,1,0,1,0,0,0.15,206.0
大全聯 中壢店,18:35:00,2025-10-02,星期四,30,椰香蛋糕,3,99,28.0,0.0,,24,0.15,84.14999999999999,0,0,0,0,0,1,0,1,0,0,0,1,0,1,0,0,0.15,84.0
大全聯 中壢店,18:35:00,2025-10-02,星期四,30,英式鬆餅(葡萄),2,84,28.0,0.0,,24,0.15,71.39999999999999,0,0,0,0,0,1,0,1,0,0,0,1,0,1,0,0,0.15,71.0
大全聯 中壢店,18:35:00,2025-10-02,星期四,30,白吐司,11,40,28.0,0.0,,24,0.15,34.0,0,0,0,0,0,1,0,1,0,0,0,1,0,1,0,0,0.15,34.0
大全聯 中壢店,18:35:00,2025-10-02,星期四,30,葡式蛋塔,20,95,20.0,0.0,,24,0.15,80.75,0,0,0,0,0,1,0,1,0,0,0,1,0,1,0,0,0.15,81.0
大全聯 中壢店,18:35:00,2025-10-02,星期四,30,花朵千層蛋塔,2,99,20.0,0.0,,24,0.15,84.14999999999999,0,0,0,0,0,1,0,1,0,0,0,1,0,1,0,0,0.15,84.0
中壢中北店,12:33-12:39,2025-03-23,星期日,23,美國牛肉粗絞,2,99,20.0,0.0,,12,0.45,54.45,0,0,1,0,0,0,0,0,0,1,1,0,0,1,0,0,0.45,55.0
中壢中北店,12:33-12:39,2025-03-23,星期日,23,綠竹筍,2,228,10.0,0.0,,12,0.3,159.6,0,0,0,1,0,0,0,0,0,1,1,0,0,1,0,0,0.3,159.0
中壢中北店,12:33-12:39,2025-03-23,星期日,23,拜脫球3入,1,42,30.0,0.0,,12,0.15,35.699999999999996,1,0,0,0,0,0,0,0,0,1,1,0,0,1,0,0,0.15,36.0
中壢中北店,12:33-12:39,2025-03-23,星期日,23,吐司,2,40,30.0,0.0,,12,0.25,30.0,0,0,0,0,0,1,0,0,0,1,1,0,0,1,0,0,0.25,30.0
中壢中北店,20:00:00,2025-03-26,星期三,19,豬肉里肌肉片,2,99,20.0,0.0,,24,0.3,69.3,0,0,1,0,0,0,0,0,0,1,0,0,1,1,0,0,0.3,69.0
中壢中北店,20:00:00,2025-03-26,星期三,19,台灣豬小排丁,2,148,20.0,0.0,,24,0.3,103.6,0,0,1,0,0,0,0,0,0,1,0,0,1,1,0,0,0.3,104.0
中壢中北店,20:00:00,2025-03-26,星期三,19,泰安台灣豬豬肋條,1,140,20.0,0.0,,24,0.3,98.0,0,0,1,0,0,0,0,0,0,1,0,0,1,1,0,0,0.3,98.0
中壢中北店,20:00:00,2025-03-26,星期三,19,家福嚴選台灣豬豬肋條,1,148,20.0,0.0,,24,0.3,103.6,0,0,1,0,0,0,0,0,0,1,0,0,1,1,0,0,0.3,104.0
中壢中北店,20:00:00,2025-03-26,星期三,19,台灣豬胛心絞肉,1,80,20.0,0.0,,24,0.3,56.0,0,0,1,0,0,0,0,0,0,1,0,0,1,1,0,0,0.3,56.0
中壢中北店,18:17-18:23,2025-03-28,星期五,16,豬肉里肌火鍋片,2,63,20.0,1.0,,30,0.15,53.55,0,0,1,0,0,0,0,0,0,1,0,0,1,0,1,0,0.15,54.0
中壢中北店,18:17-18:23,2025-03-28,星期五,16,豬梅花火鍋片,1,87,20.0,1.0,,30,0.15,73.95,0,0,1,0,0,0,0,0,0,1,0,0,1,0,1,0,0.15,74.0
中壢中北店,18:17-18:23,2025-03-28,星期五,16,家福嚴選台灣豬豬肋條,1,148,20.0,0.0,,6,0.6,59.2,0,0,1,0,0,0,0,0,0,1,0,0,1,0,1,0,0.6,59.0
中壢中北店,18:17-18:23,2025-03-28,星期五,16,台灣豬胛心絞肉,1,80,20.0,0.0,,6,0.6,32.0,0,0,1,0,0,0,0,0,0,1,0,0,1,0,1,0,0.6,32.0
中壢中北店,18:17-18:23,2025-03-28,星期五,16,美國牛肉粗絞,3,120,20.0,0.0,,6,0.6,48.0,0,0,1,0,0,0,0,0,0,1,0,0,1,0,1,0,0.6,48.0
中壢中北店,18:17-18:23,2025-03-28,星期五,16,豬五花肉條附皮,1,234,20.0,1.0,,30,0.15,198.9,0,0,1,0,0,0,0,0,0,1,0,0,1,0,1,0,0.15,199.0
中壢中北店,18:17-18:23,2025-03-28,星期五,16,豬後腿肉絲,2,68,20.0,1.0,,30,0.15,57.8,0,0,1,0,0,0,0,0,0,1,0,0,1,0,1,0,0.15,58.0
中壢中北店,18:17-18:23,2025-03-28,星期五,16,吻仔魚,1,115,20.0,1.0,,30,0.1,103.5,0,0,0,0,1,0,0,0,0,1,0,0,1,0,1,0,0.1,104.0
中壢中北店,18:17-18:23,2025-03-28,星期五,16,有機活株韓小菇,2,69,20.0,1.0,,30,0.1,62.1,0,0,0,1,0,0,0,0,0,1,0,0,1,0,1,0,0.1,62.0
中壢中北店,18:17-18:23,2025-03-28,星期五,16,有機杏鮑菇,1,79,20.0,1.0,,30,0.1,71.10000000000001,0,0,0,1,0,0,0,0,0,1,0,0,1,0,1,0,0.1,71.0
中壢中北店,18:17-18:23,2025-03-28,星期五,16,履歷洋菇,2,98,10.0,1.0,,30,0.1,88.2,0,0,0,1,0,0,0,0,0,1,0,0,1,0,1,0,0.1,88.0
中壢中北店,18:17-18:23,2025-03-28,星期五,16,日本山藥,1,199,20.0,1.0,,30,0.05,189.04999999999998,1,0,0,0,0,0,0,0,0,1,0,0,1,0,1,0,0.05,189.0
中壢中北店,18:17-18:23,2025-03-28,星期五,16,白花菜,1,55,20.0,1.0,,30,0.1,49.5,0,0,0,1,0,0,0,0,0,1,0,0,1,0,1,0,0.1,50.0
中壢中北店,18:17-18:23,2025-03-28,星期五,16,履歷甜豆莢,1,69,30.0,1.0,,30,0.1,62.1,0,0,0,1,0,0,0,0,0,1,0,0,1,0,1,0,0.1,62.0
中壢中北店,18:17-18:23,2025-03-28,星期五,16,有機羽衣甘藍,1,49,20.0,1.0,,30,0.05,46.55,1,0,0,0,0,0,0,0,0,1,0,0,1,0,1,0,0.05,47.0
中壢中北店,20:01-20:10,2025-04-01,星期二,14,台灣豬小排丁,2,148,20.0,0.0,,4,0.6,59.2,0,0,1,0,0,0,0,0,0,1,0,0,1,0,1,0,0.6,59.0
中壢中北店,20:01-20:10,2025-04-01,星期二,14,豬梅花肉排,1,108,20.0,1.0,,28,0.15,91.8,0,0,1,0,0,0,0,0,0,1,0,0,1,0,1,0,0.15,92.0
中壢中北店,20:01-20:10,2025-04-01,星期二,14,家福嚴選台灣豬豬肋條,1,148,20.0,0.0,,4,0.6,59.2,0,0,1,0,0,0,0,0,0,1,0,0,1,0,1,0,0.6,59.0
中壢中北店,20:01-20:10,2025-04-01,星期二,14,台灣豬胛心絞肉,1,88,20.0,0.0,,4,0.6,35.2,0,0,1,0,0,0,0,0,0,1,0,0,1,0,1,0,0.6,35.0
中壢中北店,20:01-20:10,2025-04-01,星期二,14,美國牛肉粗絞,3,120,20.0,0.0,,4,0.6,48.0,0,0,1,0,0,0,0,0,0,1,0,0,1,0,1,0,0.6,48.0
中壢中北店,20:01-20:10,2025-04-01,星期二,14,豬培根厚切,1,160,20.0,0.0,,4,0.6,64.0,0,0,1,0,0,0,0,0,0,1,0,0,1,0,1,0,0.6,64.0
中壢中北店,18:49-18:55,2025-04-04,星期五,21,美國牛肉粗絞,1,129,20.0,0.0,,6,0.6,51.6,0,0,1,0,0,0,0,0,0,1,1,0,0,1,0,0,0.6,52.0
中壢中北店,13:00:00,2025-06-30,星期一,35,豬里肌小排,1,100,20.0,1.0,,48,0.15,85.0,0,0,1,0,0,0,0,0,0,1,0,0,1,1,0,0,0.15,85.0
中壢中北店,13:00:00,2025-06-30,星期一,35,豬梅花火鍋片,3,163,20.0,1.0,,48,0.15,138.54999999999998,0,0,1,0,0,0,0,0,0,1,0,0,1,1,0,0,0.15,139.0
中壢中北店,13:00:00,2025-06-30,星期一,35,豬里肌火鍋片,2,96,20.0,1.0,,48,0.15,81.6,0,0,1,0,0,0,0,0,0,1,0,0,1,1,0,0,0.15,82.0
中壢中北店,13:00:00,2025-06-30,星期一,35,豬五花火鍋片,2,150,20.0,0.0,,24,0.3,105.0,0,0,1,0,0,0,0,0,0,1,0,0,1,1,0,0,0.3,105.0
中壢中北店,16:45:00,2025-07-11,星期五,29,豬五花火鍋片,2,104,20.0,1.0,,48,0.15,88.39999999999999,0,0,1,0,0,0,0,0,0,1,0,0,1,0,1,0,0.15,88.0
中壢中北店,16:45:00,2025-07-11,星期五,29,豬梅花火鍋片,1,126,20.0,1.0,,48,0.15,107.1,0,0,1,0,0,0,0,0,0,1,0,0,1,0,1,0,0.15,107.0
中壢中北店,16:45:00,2025-07-11,星期五,29,豬里肌火鍋片,3,108,20.0,1.0,,48,0.15,91.8,0,0,1,0,0,0,0,0,0,1,0,0,1,0,1,0,0.15,92.0
中壢中北店,16:45:00,2025-07-11,星期五,29,安心豚冷藏台灣五花火鍋片,1,110,20.0,1.0,,48,0.15,93.5,0,0,1,0,0,0,0,0,0,1,0,0,1,0,1,0,0.15,94.0
中壢中北店,16:40:00,2025-08-05,星期二,27,黑糖小菠蘿,2,38,10.0,1.0,,48,0.05,36.1,1,0,0,0,0,0,0,0,0,1,0,0,1,0,1,0,0.05,36.0
中壢中北店,16:40:00,2025-08-05,星期二,27,日式烤麻糬,4,129,10.0,1.0,,48,0.05,122.55,1,0,0,0,0,0,0,0,0,1,0,0,1,0,1,0,0.05,123.0
中壢中北店,16:40:00,2025-08-05,星期二,27,法式大圓,3,45,10.0,1.0,,48,0.05,42.75,1,0,0,0,0,0,0,0,0,1,0,0,1,0,1,0,0.05,43.0
中壢中北店,16:40:00,2025-08-05,星期二,27,白吐司,2,42,10.0,1.0,,48,0.05,39.9,0,0,0,0,0,1,0,0,0,1,0,0,1,0,1,0,0.05,40.0
中壢中北店,16:20:00,2025-08-14,星期四,34,豬五花火鍋肉片,2,94,20.0,1.0,,48,0.15,79.89999999999999,0,0,1,0,0,0,0,0,0,1,0,0,1,1,0,0,0.15,80.0
中壢中北店,16:20:00,2025-08-14,星期四,34,豬梅花火鍋肉片,1,119,20.0,1.0,,48,0.15,101.14999999999999,0,0,1,0,0,0,0,0,0,1,0,0,1,1,0,0,0.15,101.0
中壢中北店,16:20:00,2025-08-14,星期四,34,豬里肌烤肉片,1,143,20.0,1.0,,48,0.15,121.55,0,0,1,0,0,0,0,0,0,1,0,0,1,1,0,0,0.15,122.0
中壢中北店,16:20:00,2025-08-14,星期四,34,五花火鍋肉片,2,129,20.0,1.0,,48,0.15,109.64999999999999,0,0,1,0,0,0,0,0,0,1,0,0,1,1,0,0,0.15,110.0
中壢中北店,16:20:00,2025-08-14,星期四,34,豬里肌火鍋肉片,2,97,20.0,1.0,,48,0.15,82.45,0,0,1,0,0,0,0,0,0,1,0,0,1,1,0,0,0.15,82.0
中壢中北店,16:20:00,2025-08-14,星期四,34,豬梅花火鍋肉片,2,100,20.0,1.0,,48,0.15,85.0,0,0,1,0,0,0,0,0,0,1,0,0,1,1,0,0,0.15,85.0
中壢中北店,16:20:00,2025-08-14,星期四,34,澳洲牛穀飼板腱火鍋片,3,165,20.0,1.0,,48,0.15,140.25,0,0,1,0,0,0,0,0,0,1,0,0,1,1,0,0,0.15,140.0
中壢中北店,16:20:00,2025-08-14,星期四,34,美國肩小排火鍋片,3,164,20.0,1.0,,48,0.15,139.4,0,0,1,0,0,0,0,0,0,1,0,0,1,1,0,0,0.15,139.0
中壢中北店,16:20:00,2025-08-14,星期四,34,進口櫻桃,1,165,10.0,0.0,,24,0.1,148.5,1,0,0,0,0,0,0,0,0,1,0,0,1,1,0,0,0.1,149.0
中壢中北店,16:20:00,2025-08-14,星期四,34,水果切盤,15,39,20.0,0.0,,24,0.2,31.200000000000003,0,0,0,1,0,0,0,0,0,1,0,0,1,1,0,0,0.2,31.0
中壢中北店,17:15:00,2025-08-15,星期五,32,冷藏豬里肌火鍋片,13,108,20.0,1.0,,48,0.15,91.8,0,0,1,0,0,0,0,0,0,1,0,0,1,1,0,0,0.15,92.0
中壢中北店,17:15:00,2025-08-15,星期五,32,冷藏豬五花火鍋片,2,94,40.0,0.0,,24,0.3,65.8,0,0,1,0,0,0,0,0,0,1,0,0,1,1,0,0,0.3,66.0
中壢中北店,17:15:00,2025-08-15,星期五,32,冷藏豬梅花火鍋肉片,11,141,20.0,1.0,,48,0.15,119.85,0,0,1,0,0,0,0,0,0,1,0,0,1,1,0,0,0.15,120.0
中壢中北店,17:15:00,2025-08-15,星期五,32,冷藏豬五花火鍋肉片,7,122,20.0,1.0,,48,0.15,103.7,0,0,1,0,0,0,0,0,0,1,0,0,1,1,0,0,0.15,104.0
中壢中北店,17:42:00,2025-08-17,星期日,33,澳洲調味板腱燒烤片,1,790,40.0,0.0,,24,0.1,711.0,1,0,0,0,0,0,0,0,0,1,0,0,1,1,0,0,0.1,711.0
中壢中北店,17:42:00,2025-08-17,星期日,33,里肌燒烤片,1,125,20.0,1.0,,48,0.05,118.75,1,0,0,0,0,0,0,0,0,1,0,0,1,1,0,0,0.05,119.0
中壢中北店,17:42:00,2025-08-17,星期日,33,里肌火鍋肉片,2,102,20.0,1.0,,48,0.15,86.7,0,0,1,0,0,0,0,0,0,1,0,0,1,1,0,0,0.15,87.0
中壢中北店,17:42:00,2025-08-17,星期日,33,五花火鍋肉片,1,114,20.0,1.0,,48,0.15,96.89999999999999,0,0,1,0,0,0,0,0,0,1,0,0,1,1,0,0,0.15,97.0
中壢中北店,17:42:00,2025-08-17,星期日,33,進口櫻桃,9,164,10.0,0.0,,24,0.1,147.6,1,0,0,0,0,0,0,0,0,1,0,0,1,1,0,0,0.1,148.0
中壢中北店,11:17-11:20,2025-09-24,星期三,28,酒醸桂圓核桃麵包,1,65,30.0,1.0,,37,0.05,61.75,0,0,0,0,0,1,0,0,0,1,0,0,1,1,0,0,0.05,62.0
中壢中北店,11:17-11:20,2025-09-24,星期三,28,越南娃娃菜,1,49,20.0,0.0,,13,0.2,39.2,0,0,0,1,0,0,0,0,0,1,0,0,1,1,0,0,0.2,39.0
中壢中北店,11:17-11:20,2025-09-24,星期三,28,履歷青蔥,1,72,20.0,0.0,,13,0.2,57.6,0,0,0,1,0,0,0,0,0,1,0,0,1,1,0,0,0.2,58.0
中壢中北店,11:17-11:20,2025-09-24,星期三,28,絲瓜,2,36,10.0,0.0,,13,0.2,28.8,0,0,0,1,0,0,0,0,0,1,0,0,1,1,0,0,0.2,29.0
中壢中北店,11:17-11:20,2025-09-24,星期三,28,履歷紫心地瓜,2,69,30.0,0.0,,13,0.2,55.2,0,0,0,1,0,0,0,0,0,1,0,0,1,1,0,0,0.2,55.0
中壢中北店,11:17-11:20,2025-09-24,星期三,28,履歷檸檬,1,79,20.0,0.0,,13,0.1,71.10000000000001,1,0,0,0,0,0,0,0,0,1,0,0,1,1,0,0,0.11,70.0
中壢中北店,11:17-11:20,2025-09-24,星期三,28,冷藏美國牛肉粗絞,2,129,20.0,0.0,,13,0.3,90.3,0,0,1,0,0,0,0,0,0,1,0,0,1,1,0,0,0.33,87.0
中壢中北店,11:17-11:20,2025-09-24,星期三,28,紐西蘭Zespri綠奇異果5入,1,159,40.0,0.0,,13,0.2,127.2,0,0,0,1,0,0,0,0,0,1,0,0,1,1,0,0,0.2,127.0
中壢中北店,11:17-11:20,2025-09-24,星期三,28,紐西蘭Zespri綠奇異果5入,1,159,20.0,1.0,,37,0.1,143.1,0,0,0,1,0,0,0,0,0,1,0,0,1,1,0,0,0.1,143.0
中壢中北店,11:17-11:20,2025-09-24,星期三,28,家樂福有機黃豆芽,1,25,30.0,0.0,,13,0.2,20.0,0,0,0,1,0,0,0,0,0,1,0,0,1,1,0,0,0.2,20.0
中壢中北店,11:17-11:20,2025-09-24,星期三,28,家樂福有機櫛瓜,1,118,30.0,0.0,,13,0.2,94.4,0,0,0,1,0,0,0,0,0,1,0,0,1,1,0,0,0.2,94.0
中壢中北店,19:24-19:29,2025-09-25,星期四,26,臺灣酪梨,1,79,30.0,0.0,,5,0.25,59.25,1,0,0,0,0,0,0,0,0,1,1,0,0,1,0,0,0.25,59.0
中壢中北店,19:24-19:29,2025-09-25,星期四,26,精選青花菜,2,79,30.0,0.0,,5,0.45,43.45,0,0,0,1,0,0,0,0,0,1,1,0,0,1,0,0,0.45,43.0
中壢中北店,19:24-19:29,2025-09-25,星期四,26,履歷芹菜,1,88,20.0,0.0,,5,0.45,48.400000000000006,0,0,0,1,0,0,0,0,0,1,1,0,0,1,0,0,0.45,48.0
中壢中北店,19:24-19:29,2025-09-25,星期四,26,精選青椒,1,69,20.0,0.0,,5,0.45,37.95,0,0,0,1,0,0,0,0,0,1,1,0,0,1,0,0,0.45,38.0
中壢中北店,19:24-19:29,2025-09-25,星期四,26,絲瓜,1,36,10.0,0.0,,5,0.45,19.8,0,0,0,1,0,0,0,0,0,1,1,0,0,1,0,0,0.45,20.0
中壢中北店,19:24-19:29,2025-09-25,星期四,26,紐西蘭富士蘋果4粒,2,129,30.0,0.0,,5,0.45,70.95,0,0,0,1,0,0,0,0,0,1,1,0,0,1,0,0,0.45,71.0
中壢中北店,19:24-19:29,2025-09-25,星期四,26,履歷紫心地瓜,2,69,30.0,0.0,,5,0.45,37.95,0,0,0,1,0,0,0,0,0,1,1,0,0,1,0,0,0.45,38.0
中壢中北店,19:24-19:29,2025-09-25,星期四,26,家樂福有機銀耳,1,85,30.0,0.0,,5,0.25,63.75,1,0,0,0,0,0,0,0,0,1,1,0,0,1,0,0,0.25,64.0
中壢中北店,19:24-19:29,2025-09-25,星期四,26,有機活株韓小菇,1,79,20.0,0.0,,5,0.45,43.45,0,0,0,1,0,0,0,0,0,1,1,0,0,1,0,0,0.45,43.0
中壢中北店,19:24-19:29,2025-09-25,星期四,26,履歷敏豆,1,129,30.0,0.0,,5,0.45,70.95,0,0,0,1,0,0,0,0,0,1,1,0,0,1,0,0,0.45,71.0
中壢中北店,19:24-19:29,2025-09-25,星期四,26,有機金針菇（森甜金菇）,1,33,20.0,0.0,,5,0.45,18.150000000000002,0,0,0,1,0,0,0,0,0,1,1,0,0,1,0,0,0.45,18.0
中壢中北店,19:24-19:29,2025-09-25,星期四,26,履歷秋葵,1,65,20.0,0.0,,5,0.25,48.75,1,0,0,0,0,0,0,0,0,1,1,0,0,1,0,0,0.25,49.0
中壢中北店,19:24-19:29,2025-09-25,星期四,26,家樂福有機櫛瓜,1,109,30.0,0.0,,5,0.45,59.95,0,0,0,1,0,0,0,0,0,1,1,0,0,1,0,0,0.45,60.0
中壢中北店,19:24-19:29,2025-09-25,星期四,26,履歷青蔥,1,72,30.0,0.0,,5,0.45,39.6,0,0,0,1,0,0,0,0,0,1,1,0,0,1,0,0,0.45,40.0
中壢中北店,19:24-19:29,2025-09-25,星期四,26,家樂福有機紅鬚玉米筍,1,49,20.0,0.0,,5,0.45,26.950000000000003,0,0,0,1,0,0,0,0,0,1,1,0,0,1,0,0,0.45,27.0
中壢中北店,19:24-19:29,2025-09-25,星期四,26,活舒菜讚石冰,1,149,30.0,0.0,,5,0.45,81.95,0,0,0,1,0,0,0,0,0,1,1,0,0,1,0,0,0.45,82.0
中壢中北店,19:24-19:29,2025-09-25,星期四,26,冷藏美國牛肉粗絞,1,129,20.0,1.0,,29,0.15,109.64999999999999,0,0,1,0,0,0,0,0,0,1,1,0,0,1,0,0,0.15,110.0
中壢中北店,19:24-19:29,2025-09-25,星期四,26,豬五花肉火鍋片,1,115,30.0,0.0,,5,0.6,46.0,0,0,1,0,0,0,0,0,0,1,1,0,0,1,0,0,0.6,46.0
中壢中北店,19:24-19:29,2025-09-25,星期四,26,家樂福冷藏臺灣豬胛心絞肉,1,80,20.0,1.0,,29,0.15,68.0,0,0,1,0,0,0,0,0,0,1,1,0,0,1,0,0,0.15,68.0
中壢中北店,19:24-19:29,2025-09-25,星期四,26,家樂福冷藏臺灣豬前腿肉片,1,88,20.0,1.0,,29,0.15,74.8,0,0,1,0,0,0,0,0,0,1,1,0,0,1,0,0,0.15,75.0
中壢中北店,19:24-19:29,2025-09-25,星期四,26,美國進口棒腿,1,70,20.0,1.0,,29,0.15,59.5,0,0,1,0,0,0,0,0,0,1,1,0,0,1,0,0,0.15,60.0
中壢中北店,19:24-19:29,2025-09-25,星期四,26,美國進口棒腿,1,67,20.0,1.0,,29,0.15,56.949999999999996,0,0,1,0,0,0,0,0,0,1,1,0,0,1,0,0,0.15,57.0
中壢中北店,19:24-19:29,2025-09-25,星期四,26,冷藏香辣鐵路排骨,1,128,30.0,1.0,,29,0.15,108.8,0,0,1,0,0,0,0,0,0,1,1,0,0,1,0,0,0.15,109.0
中壢中北店,19:24-19:29,2025-09-25,星期四,26,冷藏臺灣豬梅花火鍋片,2,91,20.0,1.0,,29,0.15,77.35,0,0,1,0,0,0,0,0,0,1,1,0,0,1,0,0,0.15,77.0
中壢中北店,19:24-19:29,2025-09-25,星期四,26,冷藏臺灣豬五花火鍋片,2,75,20.0,1.0,,29,0.15,63.75,0,0,1,0,0,0,0,0,0,1,1,0,0,1,0,0,0.15,64.0
中壢中北店,19:24-19:29,2025-09-25,星期四,26,冷藏臺灣豬里肌火鍋片,2,81,20.0,1.0,,29,0.15,68.85,0,0,1,0,0,0,0,0,0,1,1,0,0,1,0,0,0.15,69.0
中壢中北店,19:24-19:29,2025-09-25,星期四,26,家樂福嚴選冷藏臺灣豬小排丁,1,148,20.0,1.0,,29,0.15,125.8,0,0,1,0,0,0,0,0,0,1,1,0,0,1,0,0,0.15,126.0
中壢中北店,19:24-19:29,2025-09-25,星期四,26,有機金針菇（森甜金菇）,1,33,20.0,0.0,,5,0.45,18.150000000000002,0,0,0,1,0,0,0,0,0,1,1,0,0,1,0,0,0.45,18.0
中壢中北店,19:24-19:29,2025-09-25,星期四,26,履歷嫩薑,1,49,20.0,0.0,,5,0.25,36.75,1,0,0,0,0,0,0,0,0,1,1,0,0,1,0,0,0.25,37.0
中壢中北店,19:24-19:29,2025-09-25,星期四,26,加拿大大櫻桃心型盒,1,329,30.0,3.0,,77,0.0,329.0,1,0,0,0,0,0,0,0,0,1,1,0,0,1,0,0,0.0,329.0
中壢中北店,19:24-19:29,2025-09-25,星期四,26,紐西蘭Zespri綠奇異果5入,2,159,30.0,1.0,,29,0.1,143.1,0,0,0,1,0,0,0,0,0,1,1,0,0,1,0,0,0.1,143.0
中壢中北店,19:24-19:29,2025-09-25,星期四,26,紐西蘭Zespri綠奇異果5入,1,159,40.0,0.0,,5,0.45,87.45,0,0,0,1,0,0,0,0,0,1,1,0,0,1,0,0,0.45,87.0
中壢中北店,19:34-19:37,2025-09-26,星期五,27,澳洲茂谷柑2入,2,58,20.0,0.0,,5,0.25,43.5,1,0,0,0,0,0,0,0,0,1,0,0,1,1,0,0,0.25,44.0
中壢中北店,19:34-19:37,2025-09-26,星期五,27,梨山香梨,1,149,30.0,0.0,,5,0.25,111.75,1,0,0,0,0,0,0,0,0,1,0,0,1,1,0,0,0.25,112.0
中壢中北店,19:34-19:37,2025-09-26,星期五,27,花蓮縣餅原味奶油酥條,2,209,20.0,5.0,,125,0.0,209.0,0,0,0,0,0,1,0,0,0,1,0,0,1,1,0,0,0.0,209.0
中壢中北店,19:34-19:37,2025-09-26,星期五,27,小潘蛋糕坊鳳凰酥12入,1,455,30.0,6.0,,149,0.0,455.0,0,0,0,0,0,1,0,0,0,1,0,0,1,1,0,0,0.0,455.0
中壢中北店,19:34-19:37,2025-09-26,星期五,27,履歷芹菜,1,88,30.0,0.0,,5,0.45,48.400000000000006,0,0,0,1,0,0,0,0,0,1,0,0,1,1,0,0,0.45,48.0
中壢中北店,19:34-19:37,2025-09-26,星期五,27,家樂福有機小白菜,3,39,30.0,0.0,,5,0.45,21.450000000000003,0,0,0,1,0,0,0,0,0,1,0,0,1,1,0,0,0.45,21.0
中壢中北店,19:34-19:37,2025-09-26,星期五,27,紐西蘭酪梨,2,90,20.0,0.0,,5,0.25,67.5,1,0,0,0,0,0,0,0,0,1,0,0,1,1,0,0,0.25,68.0
中壢中北店,19:34-19:37,2025-09-26,星期五,27,臺灣白蘿蔔,1,69,30.0,0.0,,5,0.25,51.75,1,0,0,0,0,0,0,0,0,1,0,0,1,1,0,0,0.25,52.0
中壢中北店,19:34-19:37,2025-09-26,星期五,27,履歷彩椒,2,90,30.0,0.0,,5,0.45,49.50000000000001,0,0,0,1,0,0,0,0,0,1,0,0,1,1,0,0,0.45,49.0
中壢中北店,19:34-19:37,2025-09-26,星期五,27,履歷紫心地瓜,2,69,30.0,0.0,,5,0.45,37.95,0,0,0,1,0,0,0,0,0,1,0,0,1,1,0,0,0.45,38.0
中壢中北店,19:34-19:37,2025-09-26,星期五,27,絲瓜,1,36,10.0,0.0,,5,0.45,19.8,0,0,0,1,0,0,0,0,0,1,0,0,1,1,0,0,0.45,20.0
中壢中北店,19:34-19:37,2025-09-26,星期五,27,越南青花菜,2,119,10.0,0.0,,5,0.45,65.45,0,0,0,1,0,0,0,0,0,1,0,0,1,1,0,0,0.45,65.0
中壢中北店,19:34-19:37,2025-09-26,星期五,27,家樂福有機銀耳,1,85,30.0,0.0,,5,0.25,63.75,1,0,0,0,0,0,0,0,0,1,0,0,1,1,0,0,0.25,64.0
中壢中北店,19:34-19:37,2025-09-26,星期五,27,有機活株韓小菇,1,79,20.0,0.0,,5,0.45,43.45,0,0,0,1,0,0,0,0,0,1,0,0,1,1,0,0,0.45,43.0
中壢中北店,19:34-19:37,2025-09-26,星期五,27,履歷嫩薑,1,49,30.0,0.0,,5,0.25,36.75,1,0,0,0,0,0,0,0,0,1,0,0,1,1,0,0,0.25,37.0
中壢中北店,19:34-19:37,2025-09-26,星期五,27,家樂福有機紅鬚玉米筍,1,49,20.0,0.0,,5,0.45,26.950000000000003,0,0,0,1,0,0,0,0,0,1,0,0,1,1,0,0,0.45,27.0
中壢中北店,19:34-19:37,2025-09-26,星期五,27,精選青椒,1,69,20.0,0.0,,5,0.45,37.95,0,0,0,1,0,0,0,0,0,1,0,0,1,1,0,0,0.45,38.0
中壢中北店,19:34-19:37,2025-09-26,星期五,27,履歷敏豆,1,129,30.0,0.0,,5,0.45,70.95,0,0,0,1,0,0,0,0,0,1,0,0,1,1,0,0,0.45,71.0
中壢中北店,19:34-19:37,2025-09-26,星期五,27,紐西蘭Zespri綠奇異果5入,1,159,30.0,0.0,,5,0.45,87.45,0,0,0,1,0,0,0,0,0,1,0,0,1,1,0,0,0.45,87.0
中壢中北店,19:34-19:37,2025-09-26,星期五,27,冷藏香辣鐵路排骨,1,128,30.0,0.0,,5,0.6,51.2,0,0,1,0,0,0,0,0,0,1,0,0,1,1,0,0,0.6,51.0
中壢中北店,19:34-19:37,2025-09-26,星期五,27,冷藏臺灣豬五花火鍋片,1,69,20.0,1.0,,29,0.15,58.65,0,0,1,0,0,0,0,0,0,1,0,0,1,1,0,0,0.15,59.0
中壢中北店,19:34-19:37,2025-09-26,星期五,27,美國進口棒腿切塊,2,69,20.0,1.0,,29,0.15,58.65,0,0,1,0,0,0,0,0,0,1,0,0,1,1,0,0,0.15,59.0
中壢中北店,19:34-19:37,2025-09-26,星期五,27,冷藏美國牛肉絞肉,2,129,20.0,0.0,,5,0.6,51.6,0,0,1,0,0,0,0,0,0,1,0,0,1,1,0,0,0.6,52.0
中壢中北店,19:34-19:37,2025-09-26,星期五,27,家樂福嚴選冷藏臺灣豬前腿肉片,1,88,20.0,1.0,,29,0.15,74.8,0,0,1,0,0,0,0,0,0,1,0,0,1,1,0,0,0.15,75.0
中壢中北店,19:34-19:37,2025-09-26,星期五,27,家樂福嚴選冷藏臺灣豬胛心絞肉,1,80,20.0,1.0,,29,0.15,68.0,0,0,1,0,0,0,0,0,0,1,0,0,1,1,0,0,0.15,68.0
中壢中北店,20:45-20:49,2025-09-27,星期六,28,家樂福有機銀耳,1,85,30.0,0.0,,4,0.25,63.75,1,0,0,0,0,0,0,0,0,1,0,0,1,1,0,0,0.25,64.0
中壢中北店,20:45-20:49,2025-09-27,星期六,28,越南青花菜,2,119,20.0,0.0,,4,0.45,65.45,0,0,0,1,0,0,0,0,0,1,0,0,1,1,0,0,0.45,65.0
中壢中北店,20:45-20:49,2025-09-27,星期六,28,家樂福有機紅鬚玉米筍,1,49,20.0,0.0,,4,0.45,26.950000000000003,0,0,0,1,0,0,0,0,0,1,0,0,1,1,0,0,0.45,27.0
中壢中北店,20:45-20:49,2025-09-27,星期六,28,履歷敏豆,1,129,30.0,0.0,,4,0.45,70.95,0,0,0,1,0,0,0,0,0,1,0,0,1,1,0,0,0.45,71.0
中壢中北店,20:45-20:49,2025-09-27,星期六,28,有機婉豆芽,1,39,30.0,0.0,,4,0.45,21.450000000000003,0,0,0,1,0,0,0,0,0,1,0,0,1,1,0,0,0.45,21.0
中壢中北店,20:45-20:49,2025-09-27,星期六,28,家樂福有機黃豆芽,1,25,20.0,0.0,,4,0.45,13.750000000000002,0,0,0,1,0,0,0,0,0,1,0,0,1,1,0,0,0.45,14.0
中壢中北店,20:45-20:49,2025-09-27,星期六,28,花蓮縣餅原味奶油酥條,2,209,20.0,4.0,,100,0.0,209.0,0,0,0,0,0,1,0,0,0,1,0,0,1,1,0,0,0.0,209.0
中壢中北店,20:45-20:49,2025-09-27,星期六,28,家樂福有機黑葉白菜,10,39,20.0,0.0,,4,0.45,21.450000000000003,0,0,0,1,0,0,0,0,0,1,0,0,1,1,0,0,0.45,21.0
中壢中北店,20:45-20:49,2025-09-27,星期六,28,家樂福有機青江菜,2,39,30.0,0.0,,4,0.45,21.450000000000003,0,0,0,1,0,0,0,0,0,1,0,0,1,1,0,0,0.45,21.0
中壢中北店,20:45-20:49,2025-09-27,星期六,28,紐西蘭酪梨,2,90,20.0,0.0,,4,0.25,67.5,1,0,0,0,0,0,0,0,0,1,0,0,1,1,0,0,0.25,68.0
中壢中北店,20:45-20:49,2025-09-27,星期六,28,台灣紫金地瓜,2,69,20.0,0.0,,4,0.45,37.95,0,0,0,1,0,0,0,0,0,1,0,0,1,1,0,0,0.45,38.0
中壢中北店,20:45-20:49,2025-09-27,星期六,28,台灣白蘿蔔,1,69,30.0,0.0,,4,0.25,51.75,1,0,0,0,0,0,0,0,0,1,0,0,1,1,0,0,0.25,52.0
中壢中北店,20:45-20:49,2025-09-27,星期六,28,履歷彩椒,1,90,30.0,0.0,,4,0.45,49.50000000000001,0,0,0,1,0,0,0,0,0,1,0,0,1,1,0,0,0.45,49.0
中壢中北店,20:45-20:49,2025-09-27,星期六,28,絲瓜,1,36,10.0,0.0,,4,0.45,19.8,0,0,0,1,0,0,0,0,0,1,0,0,1,1,0,0,0.45,20.0
中壢中北店,20:45-20:49,2025-09-27,星期六,28,履歷紫心地瓜,1,69,30.0,0.0,,4,0.45,37.95,0,0,0,1,0,0,0,0,0,1,0,0,1,1,0,0,0.45,38.0
中壢中北店,20:45-20:49,2025-09-27,星期六,28,冷藏台灣豬枝骨,1,50,20.0,1.0,,28,0.15,42.5,0,0,1,0,0,0,0,0,0,1,0,0,1,1,0,0,0.15,42.0
中壢中北店,20:45-20:49,2025-09-27,星期六,28,美國進口棒腿,2,69,20.0,1.0,,28,0.15,58.65,0,0,1,0,0,0,0,0,0,1,0,0,1,1,0,0,0.15,59.0
中壢中北店,20:45-20:49,2025-09-27,星期六,28,產銷履歷全氣冷雞冷藏二節翅,1,110,20.0,1.0,,28,0.15,93.5,0,0,1,0,0,0,0,0,0,1,0,0,1,1,0,0,0.15,94.0
中壢中北店,20:45-20:49,2025-09-27,星期六,28,產銷履歷全氣冷雞冷藏雞翅小腿,1,88,20.0,1.0,,28,0.15,74.8,0,0,1,0,0,0,0,0,0,1,0,0,1,1,0,0,0.15,75.0
中壢中北店,20:45-20:49,2025-09-27,星期六,28,胡同冷藏椒鹽鹹豬肉（熟）,1,170,30.0,1.0,,28,0.15,144.5,0,0,1,0,0,0,0,0,0,1,0,0,1,1,0,0,0.15,144.0
中壢中北店,20:45-20:49,2025-09-27,星期六,28,魷魚烤串,1,109,20.0,1.0,,28,0.1,98.10000000000001,0,0,0,0,1,0,0,0,0,1,0,0,1,1,0,0,0.1,98.0
中壢中北店,20:45-20:49,2025-09-27,星期六,28,超市_香烤雞骨清退,2,156,20.0,0.0,,4,0.6,62.400000000000006,0,0,1,0,0,0,0,0,0,1,0,0,1,1,0,0,0.6,62.0
中壢中北店,20:45-20:49,2025-09-27,星期六,28,酒醸桂圓核桃麵包,2,65,30.0,1.0,,28,0.05,61.75,0,0,0,0,0,1,0,0,0,1,0,0,1,1,0,0,0.05,62.0
中壢中北店,20:45-20:49,2025-09-27,星期六,28,白吐司半條（安佳奶油）,1,42,30.0,1.0,,28,0.05,39.9,0,0,0,0,0,1,0,0,0,1,0,0,1,1,0,0,0.05,40.0
中壢中北店,12:15-12:19,2025-09-28,星期日,30,家樂福有機銀耳,1,85,30.0,0.0,,12,0.15,72.25,1,0,0,0,0,0,0,0,0,1,1,0,0,1,0,0,0.15,72.0
中壢中北店,12:15-12:19,2025-09-28,星期日,30,有機柳松菇,1,45,20.0,0.0,,12,0.3,31.499999999999996,0,0,0,1,0,0,0,0,0,1,1,0,0,1,0,0,0.3,31.0
中壢中北店,12:15-12:19,2025-09-28,星期日,30,越南青花菜,2,119,30.0,0.0,,12,0.3,83.3,0,0,0,1,0,0,0,0,0,1,1,0,0,1,0,0,0.3,83.0
中壢中北店,12:15-12:19,2025-09-28,星期日,30,家樂福有機紅鬚玉米筍,1,49,20.0,0.0,,12,0.3,34.3,0,0,0,1,0,0,0,0,0,1,1,0,0,1,0,0,0.3,34.0
中壢中北店,12:15-12:19,2025-09-28,星期日,30,履歷敏豆,1,129,30.0,0.0,,12,0.3,90.3,0,0,0,1,0,0,0,0,0,1,1,0,0,1,0,0,0.3,90.0
中壢中北店,12:15-12:19,2025-09-28,星期日,30,家樂福有機蚵仔白菜,20,39,30.0,0.0,,12,0.3,27.299999999999997,0,0,0,1,0,0,0,0,0,1,1,0,0,1,0,0,0.3,27.0
中壢中北店,12:15-12:19,2025-09-28,星期日,30,履歷油菜,1,24,30.0,0.0,,12,0.3,16.799999999999997,0,0,0,1,0,0,0,0,0,1,1,0,0,1,0,0,0.3,17.0
中壢中北店,12:15-12:19,2025-09-28,星期日,30,履歷紫心地瓜,2,69,30.0,0.0,,12,0.3,48.3,0,0,0,1,0,0,0,0,0,1,1,0,0,1,0,0,0.3,48.0
中壢中北店,12:15-12:19,2025-09-28,星期日,30,履歷彩椒,4,90,30.0,0.0,,12,0.3,62.99999999999999,0,0,0,1,0,0,0,0,0,1,1,0,0,1,0,0,0.3,63.0
中壢中北店,12:15-12:19,2025-09-28,星期日,30,台灣白蘿蔔,1,69,30.0,0.0,,12,0.15,58.65,1,0,0,0,0,0,0,0,0,1,1,0,0,1,0,0,0.15,59.0
中壢中北店,12:15-12:19,2025-09-28,星期日,30,絲瓜,1,36,10.0,0.0,,12,0.3,25.2,0,0,0,1,0,0,0,0,0,1,1,0,0,1,0,0,0.3,25.0
中壢中北店,12:15-12:19,2025-09-28,星期日,30,履歷秋葵,1,59,20.0,0.0,,12,0.15,50.15,1,0,0,0,0,0,0,0,0,1,1,0,0,1,0,0,0.15,50.0
中壢中北店,12:15-12:19,2025-09-28,星期日,30,紐西蘭Zespri綠奇異果5入,1,159,40.0,0.0,,12,0.3,111.3,0,0,0,1,0,0,0,0,0,1,1,0,0,1,0,0,0.3,111.0
中壢中北店,12:15-12:19,2025-09-28,星期日,30,紐西蘭酪梨,2,90,20.0,0.0,,12,0.15,76.5,1,0,0,0,0,0,0,0,0,1,1,0,0,1,0,0,0.15,76.0
中壢中北店,12:15-12:19,2025-09-28,星期日,30,花蓮縣餅原味奶油酥條,2,209,20.0,3.0,,84,0.0,209.0,0,0,0,0,0,1,0,0,0,1,1,0,0,1,0,0,0.0,209.0
中壢中北店,12:15-12:19,2025-09-28,星期日,30,冷藏台灣豬枝骨,1,50,20.0,0.0,,12,0.45,27.500000000000004,0,0,1,0,0,0,0,0,0,1,1,0,0,1,0,0,0.45,28.0
中壢中北店,12:15-12:19,2025-09-28,星期日,30,魷魚烤串,2,109,20.0,0.0,,12,0.35,70.85000000000001,0,0,0,0,1,0,0,0,0,1,1,0,0,1,0,0,0.35,71.0
中壢中北店,12:15-12:19,2025-09-28,星期日,30,胡同冷藏椒鹽鹹豬肉（熟）,1,170,30.0,0.0,,12,0.45,93.50000000000001,0,0,1,0,0,0,0,0,0,1,1,0,0,1,0,0,0.45,94.0
中壢中北店,12:15-12:19,2025-09-28,星期日,30,母香魚2尾-有卵,1,149,20.0,0.0,,12,0.35,96.85000000000001,0,0,0,0,1,0,0,0,0,1,1,0,0,1,0,0,0.35,97.0
中壢中北店,12:15-12:19,2025-09-28,星期日,30,安心雞翅小腿,1,88,20.0,0.0,,12,0.45,48.400000000000006,0,0,1,0,0,0,0,0,0,1,1,0,0,1,0,0,0.45,49.0
中壢中北店,12:15-12:19,2025-09-28,星期日,30,家樂福嚴選冷藏臺灣豬胛心絞肉,1,80,20.0,1.0,,36,0.15,68.0,0,0,1,0,0,0,0,0,0,1,1,0,0,1,0,0,0.15,68.0
中壢中北店,12:15-12:19,2025-09-28,星期日,30,法式手工羊角,1,28,30.0,0.0,,12,0.45,15.400000000000002,0,0,1,0,0,0,0,0,0,1,1,0,0,1,0,0,0.45,15.0
中壢中北店,12:15-12:19,2025-09-28,星期日,30,柚香椪柑麵包,1,65,30.0,0.0,,12,0.25,48.75,0,0,0,0,0,1,0,0,0,1,1,0,0,1,0,0,0.25,49.0
中壢中北店,12:15-12:19,2025-09-28,星期日,30,黑芝麻吐司,1,65,30.0,1.0,,36,0.05,61.75,0,0,0,0,0,1,0,0,0,1,1,0,0,1,0,0,0.05,62.0
中壢中北店,12:15-12:19,2025-09-28,星期日,30,小麥胚芽吐司半條,1,50,30.0,0.0,,12,0.25,37.5,0,0,0,0,0,1,0,0,0,1,1,0,0,1,0,0,0.25,38.0
中壢中原店,14:54:00,2025-03-23,星期日,24,牛排,1,216,20.0,0.0,,24,0.3,151.2,0,0,1,0,0,0,0,0,1,0,0,0,1,1,0,0,0.3,151.0
中壢中原店,14:54:00,2025-03-23,星期日,24,豬肉里肌肉片,1,115,20.0,0.0,,24,0.3,80.5,0,0,1,0,0,0,0,0,1,0,0,0,1,1,0,0,0.3,80.0
中壢中原店,14:54:00,2025-03-23,星期日,24,鮭魚,1,102,20.0,0.0,,24,0.25,76.5,0,0,0,0,1,0,0,0,1,0,0,0,1,1,0,0,0.25,76.0
中壢中原店,14:54:00,2025-03-23,星期日,24,貝果,1,32,20.0,0.0,,24,0.2,25.6,0,0,0,1,0,0,0,0,1,0,0,0,1,1,0,0,0.2,26.0
中壢中原店,14:52:00,2025-04-04,星期五,20,吐司,5,45,20.0,0.0,,24,0.15,38.25,0,0,0,0,0,1,0,0,1,0,1,0,0,1,0,0,0.15,38.0
中壢中原店,14:52:00,2025-04-04,星期五,20,貝果,1,25,20.0,0.0,,24,0.2,20.0,0,0,0,1,0,0,0,0,1,0,1,0,0,1,0,0,0.2,20.0
中壢中原店,14:52:00,2025-04-04,星期五,20,番茄,3,78,25.0,2.0,,72,0.0,78.0,0,0,0,1,0,0,0,0,1,0,1,0,0,1,0,0,0.0,78.0
中壢中原店,14:52:00,2025-04-04,星期五,20,牛排,2,285,20.0,0.0,,24,0.3,199.5,0,0,1,0,0,0,0,0,1,0,1,0,0,1,0,0,0.3,199.0
中壢中原店,14:52:00,2025-04-04,星期五,20,雪花牛肉,1,207,20.0,0.0,,24,0.3,144.89999999999998,0,0,1,0,0,0,0,0,1,0,1,0,0,1,0,0,0.3,145.0
中壢中原店,14:52:00,2025-04-04,星期五,20,牛梅花牛排,2,206,20.0,1.0,,48,0.15,175.1,0,0,1,0,0,0,0,0,1,0,1,0,0,1,0,0,0.15,175.0
中壢中原店,14:52:00,2025-04-04,星期五,20,鯛魚,1,119,20.0,1.0,,48,0.1,107.10000000000001,0,0,0,0,1,0,0,0,1,0,1,0,0,1,0,0,0.1,107.0
中壢中原店,12:04:00,2025-04-07,星期一,25,霜降牛火鍋肉片,1,179,20.0,0.0,,24,0.3,125.3,0,0,1,0,0,0,0,0,1,0,0,0,1,1,0,0,0.3,125.0
中壢中原店,12:04:00,2025-04-07,星期一,25,里肌牛排,1,204,20.0,0.0,,24,0.3,142.79999999999998,0,0,1,0,0,0,0,0,1,0,0,0,1,1,0,0,0.3,143.0
中壢中原店,12:04:00,2025-04-07,星期一,25,美國牛炒肉片,1,180,20.0,0.0,,24,0.3,125.99999999999999,0,0,1,0,0,0,0,0,1,0,0,0,1,1,0,0,0.3,126.0
中壢中原店,12:04:00,2025-04-07,星期一,25,澳洲牛嫩腿心炒肉絲,2,102,20.0,0.0,,24,0.3,71.39999999999999,0,0,1,0,0,0,0,0,1,0,0,0,1,1,0,0,0.3,71.0
中壢中原店,12:04:00,2025-04-07,星期一,25,雞腿排肉切片,1,85,20.0,0.0,,24,0.3,59.49999999999999,0,0,1,0,0,0,0,0,1,0,0,0,1,1,0,0,0.3,59.0
中壢中原店,12:04:00,2025-04-07,星期一,25,雞骨腿切塊,2,169,20.0,0.0,,24,0.3,118.3,0,0,1,0,0,0,0,0,1,0,0,0,1,1,0,0,0.3,118.0
中壢中原店,12:04:00,2025-04-07,星期一,25,鮭魚,1,159,20.0,0.0,,24,0.25,119.25,0,0,0,0,1,0,0,0,1,0,0,0,1,1,0,0,0.25,119.0
中壢中原店,12:04:00,2025-04-07,星期一,25,美式漢堡,1,45,20.0,0.0,,24,0.1,40.5,1,0,0,0,0,0,0,0,1,0,0,0,1,1,0,0,0.1,41.0
中壢中原店,17:50:00,2025-04-08,星期二,23,美國單骨牛小排,1,285,52.0,0.0,,24,0.3,199.5,0,0,1,0,0,0,0,0,1,0,0,0,1,0,1,0,0.3,199.0
中壢中原店,14:47:00,2025-04-16,星期三,30,梅花牛排,1,184,20.0,0.0,,24,0.3,128.79999999999998,0,0,1,0,0,0,0,0,1,0,0,0,1,1,0,0,0.3,129.0
中壢中原店,14:47:00,2025-04-16,星期三,30,梅花牛火鍋片,2,139,20.0,0.0,,24,0.3,97.3,0,0,1,0,0,0,0,0,1,0,0,0,1,1,0,0,0.3,97.0
中壢中原店,14:47:00,2025-04-16,星期三,30,美國牛絞肉,1,109,20.0,0.0,,24,0.3,76.3,0,0,1,0,0,0,0,0,1,0,0,0,1,1,0,0,0.3,76.0
中壢中原店,14:47:00,2025-04-16,星期三,30,牛肩肌火鍋片,1,142,20.0,0.0,,24,0.3,99.39999999999999,0,0,1,0,0,0,0,0,1,0,0,0,1,1,0,0,0.3,99.0
中壢中原店,14:47:00,2025-04-16,星期三,30,美國單骨牛小排,1,285,20.0,0.0,,24,0.3,199.5,0,0,1,0,0,0,0,0,1,0,0,0,1,1,0,0,0.3,199.0
中壢中原店,14:47:00,2025-04-16,星期三,30,鷄骨腿切,2,179,20.0,0.0,,24,0.3,125.3,0,0,1,0,0,0,0,0,1,0,0,0,1,1,0,0,0.3,125.0
中壢中原店,14:47:00,2025-04-16,星期三,30,盤仔魚,1,143,20.0,0.0,,24,0.25,107.25,0,0,0,0,1,0,0,0,1,0,0,0,1,1,0,0,0.25,107.0
中壢中原店,14:47:00,2025-04-16,星期三,30,馬卡龍,1,75,20.0,0.0,,24,0.1,67.5,1,0,0,0,0,0,0,0,1,0,0,0,1,1,0,0,0.1,68.0
中壢中原店,14:47:00,2025-04-16,星期三,30,夾心麵包,1,28,20.0,0.0,,24,0.15,23.8,0,0,0,0,0,1,0,0,1,0,0,0,1,1,0,0,0.15,24.0
中壢中原店,14:47:00,2025-04-16,星期三,30,千層土司,1,79,20.0,0.0,,24,0.1,71.10000000000001,1,0,0,0,0,0,0,0,1,0,0,0,1,1,0,0,0.1,71.0
中壢中原店,14:47:00,2025-04-16,星期三,30,銅鑼燒,2,89,15.0,0.0,,24,0.1,80.10000000000001,1,0,0,0,0,0,0,0,1,0,0,0,1,1,0,0,0.1,80.0
中壢中原店,15:01:00,2025-04-25,星期五,20,空運酪梨,4,89,22.0,0.0,,24,0.1,80.10000000000001,1,0,0,0,0,0,0,0,1,0,0,0,1,1,0,0,0.1,80.0
中壢中原店,15:01:00,2025-04-25,星期五,20,牛胸火鍋片,1,230,20.0,0.0,,24,0.3,161.0,0,0,1,0,0,0,0,0,1,0,0,0,1,1,0,0,0.3,161.0
中壢中原店,15:01:00,2025-04-25,星期五,20,澳洲牛肩里肌牛排,2,203,20.0,0.0,,24,0.3,142.1,0,0,1,0,0,0,0,0,1,0,0,0,1,1,0,0,0.3,142.0
中壢中原店,15:01:00,2025-04-25,星期五,20,牛小排,1,252,20.0,0.0,,24,0.3,176.39999999999998,0,0,1,0,0,0,0,0,1,0,0,0,1,1,0,0,0.3,176.0
中壢中原店,15:01:00,2025-04-25,星期五,20,十三香豬肉片,2,79,20.0,0.0,,24,0.3,55.3,0,0,1,0,0,0,0,0,1,0,0,0,1,1,0,0,0.3,55.0
中壢中原店,15:01:00,2025-04-25,星期五,20,馬告鯛魚,1,125,20.0,0.0,,24,0.25,93.75,0,0,0,0,1,0,0,0,1,0,0,0,1,1,0,0,0.25,94.0
中壢中原店,15:01:00,2025-04-25,星期五,20,風目魚,1,99,20.0,0.0,,24,0.25,74.25,0,0,0,0,1,0,0,0,1,0,0,0,1,1,0,0,0.25,74.0
中壢中原店,15:01:00,2025-04-25,星期五,20,鮭魚切,1,148,20.0,0.0,,24,0.25,111.0,0,0,0,0,1,0,0,0,1,0,0,0,1,1,0,0,0.25,111.0
中壢中原店,15:01:00,2025-04-25,星期五,20,厚片土司,1,45,20.0,0.0,,24,0.1,40.5,1,0,0,0,0,0,0,0,1,0,0,0,1,1,0,0,0.1,41.0
中壢中原店,15:01:00,2025-04-25,星期五,20,香土司,1,45,20.0,0.0,,24,0.1,40.5,1,0,0,0,0,0,0,0,1,0,0,0,1,1,0,0,0.1,41.0
中壢中原店,15:01:00,2025-04-25,星期五,20,鯛魚火鍋片,1,119,20.0,0.0,,24,0.3,83.3,0,0,1,0,0,0,0,0,1,0,0,0,1,1,0,0,0.3,83.0
中壢中原店,19:12:00,2025-07-15,星期二,32,豬里肌,1,89,20.0,0.0,,24,0.3,62.3,0,0,1,0,0,0,0,0,1,0,1,0,0,1,0,0,0.3,62.0
中壢中原店,19:12:00,2025-07-15,星期二,32,白口,1,128,40.0,0.0,,24,0.1,115.2,1,0,0,0,0,0,0,0,1,0,1,0,0,1,0,0,0.1,115.0
中壢中原店,19:12:00,2025-07-15,星期二,32,鮭魚頭,1,49,40.0,0.0,,24,0.25,36.75,0,0,0,0,1,0,0,0,1,0,1,0,0,1,0,0,0.25,37.0
北港民主店,17:00:00,2025-08-04,星期二,28,冬瓜,2,68,40.0,4.0,,120,0.0,68.0,0,0,0,1,0,0,1,0,0,0,0,0,1,0,1,0,0.0,68.0
北港民主店,21:10:00,2025-08-05,星期三,30,豬頸肉切片,1,169,40.0,1.0,,48,0.15,143.65,0,0,1,0,0,0,1,0,0,0,0,0,1,1,0,0,0.15,144.0
北港民主店,21:10:00,2025-08-05,星期三,30,冬瓜,1,68,40.0,3.0,,96,0.0,68.0,0,0,0,1,0,0,1,0,0,0,0,0,1,1,0,0,0.0,68.0
北港民主店,13:17:00,2025-08-12,星期二,30,豬里肌火鍋肉片,1,89,20.0,0.0,,24,0.3,62.3,0,0,1,0,0,0,1,0,0,0,0,0,1,1,0,0,0.3,62.0
北港民主店,13:17:00,2025-08-12,星期二,30,柳葉魚,1,68,20.0,0.0,,24,0.25,51.0,0,0,0,0,1,0,1,0,0,0,0,0,1,1,0,0,0.25,51.0
北港民主店,13:17:00,2025-08-12,星期二,30,魷魚一夜干,1,109,20.0,0.0,,24,0.25,81.75,0,0,0,0,1,0,1,0,0,0,0,0,1,1,0,0,0.25,82.0
北港民主店,13:17:00,2025-08-12,星期二,30,刻花魷魚,2,84,20.0,0.0,,24,0.25,63.0,0,0,0,0,1,0,1,0,0,0,0,0,1,1,0,0,0.25,63.0
北港民主店,13:17:00,2025-08-12,星期二,30,無骨牛小排,2,196,20.0,0.0,,24,0.3,137.2,0,0,1,0,0,0,1,0,0,0,0,0,1,1,0,0,0.3,137.0
北港民主店,13:17:00,2025-08-12,星期二,30,無骨牛小排,2,180,20.0,0.0,,24,0.3,125.99999999999999,0,0,1,0,0,0,1,0,0,0,0,0,1,1,0,0,0.3,126.0
北港民主店,13:17:00,2025-08-12,星期二,30,紐西蘭小羔羊梅花肉片,2,165,40.0,0.0,,24,0.3,115.49999999999999,0,0,1,0,0,0,1,0,0,0,0,0,1,1,0,0,0.3,115.0
北港民主店,13:17:00,2025-08-12,星期二,30,澳洲穀飼帶骨牛小排,1,275,40.0,0.0,,24,0.3,192.5,0,0,1,0,0,0,1,0,0,0,0,0,1,1,0,0,0.3,192.0
北港民主店,16:11:00,2025-08-14,星期四,33,美國牛梅花火鍋肉片（解凍肉）,3,159,22.0,1.0,,48,0.15,135.15,0,0,1,0,0,0,1,0,0,0,0,0,1,1,0,0,0.15,135.0
北港民主店,16:11:00,2025-08-14,星期四,33,豬白肉火鍋片（解凍肉）,5,118,17.0,1.0,,48,0.15,100.3,0,0,1,0,0,0,1,0,0,0,0,0,1,1,0,0,0.15,100.0
北港民主店,16:11:00,2025-08-14,星期四,33,雞里肌肉（解凍肉）,7,79,13.0,1.0,,48,0.15,67.14999999999999,0,0,1,0,0,0,1,0,0,0,0,0,1,1,0,0,0.15,67.0
北港民主店,16:11:00,2025-08-14,星期四,33,熟文蛤肉,1,58,40.0,0.0,,24,0.3,40.599999999999994,0,0,1,0,0,0,1,0,0,0,0,0,1,1,0,0,0.3,41.0
北港民主店,20:00:00,2025-08-15,星期五,30,豬五花火鍋片（解凍肉）,5,95,40.0,0.0,,24,0.3,66.5,0,0,1,0,0,0,1,0,0,0,0,0,1,1,0,0,0.3,66.0
北港民主店,17:30:00,2025-08-17,星期日,32,美國牛肩里肌烤肉片,2,188,40.0,0.0,,24,0.3,131.6,0,0,1,0,0,0,1,0,0,0,1,0,0,1,0,0,0.3,132.0
北港民主店,17:30:00,2025-08-17,星期日,32,美國牛肩里肌牛排,1,201,40.0,0.0,,24,0.3,140.7,0,0,1,0,0,0,1,0,0,0,1,0,0,1,0,0,0.3,141.0
北港民主店,17:30:00,2025-08-17,星期日,32,澳洲穀飼梅花牛排,1,209,40.0,0.0,,24,0.3,146.29999999999998,0,0,1,0,0,0,1,0,0,0,1,0,0,1,0,0,0.3,146.0
北港民主店,17:30:00,2025-08-17,星期日,32,豬胸排骨切塊,1,105,40.0,0.0,,24,0.3,73.5,0,0,1,0,0,0,1,0,0,0,1,0,0,1,0,0,0.3,73.0
北港民主店,17:30:00,2025-08-17,星期日,32,豬背骨（熬湯用）,1,46,40.0,0.0,,24,0.3,32.199999999999996,0,0,1,0,0,0,1,0,0,0,1,0,0,1,0,0,0.3,32.0
中壢中原店,10:30:00,2025-08-21,星期四,34,澳洲穀飼牛五花火鍋肉片,2,148,20.0,0.0,,24,0.3,103.6,0,0,1,0,0,0,0,0,1,0,0,0,1,1,0,0,0.3,104.0
中壢中原店,10:30:00,2025-08-21,星期四,34,澳洲牛嫩腿心炒豬肉絲,1,104,20.0,0.0,,24,0.3,72.8,0,0,1,0,0,0,0,0,1,0,0,0,1,1,0,0,0.3,73.0
中壢中原店,10:30:00,2025-08-21,星期四,34,豬梅花火鍋片,1,94,20.0,0.0,,24,0.3,65.8,0,0,1,0,0,0,0,0,1,0,0,0,1,1,0,0,0.3,66.0
中壢中原店,10:30:00,2025-08-21,星期四,34,豬里肌火鍋片,2,98,20.0,0.0,,24,0.3,68.6,0,0,1,0,0,0,0,0,1,0,0,0,1,1,0,0,0.3,69.0
中壢中原店,10:30:00,2025-08-21,星期四,34,豬里肌火鍋片（解凍肉）,1,89,20.0,0.0,,24,0.3,62.3,0,0,1,0,0,0,0,0,1,0,0,0,1,1,0,0,0.3,62.0
中壢中原店,10:30:00,2025-08-21,星期四,34,美國無骨牛小排,1,193,20.0,0.0,,24,0.3,135.1,0,0,1,0,0,0,0,0,1,0,0,0,1,1,0,0,0.3,135.0
中壢中原店,10:30:00,2025-08-21,星期四,34,美國牛肩里肌炒肉片,1,127,20.0,0.0,,24,0.3,88.89999999999999,0,0,1,0,0,0,0,0,1,0,0,0,1,1,0,0,0.3,89.0
中壢中原店,10:30:00,2025-08-21,星期四,34,豬梅花炒肉片,1,88,20.0,0.0,,24,0.3,61.599999999999994,0,0,1,0,0,0,0,0,1,0,0,0,1,1,0,0,0.3,62.0
中壢中原店,10:30:00,2025-08-21,星期四,34,挪威薄鹽鯖魚切片,1,72,5.0,0.0,,24,0.25,54.0,0,0,0,0,1,0,0,0,1,0,0,0,1,1,0,0,0.25,54.0
中壢中原店,16:23:00,2025-08-24,星期日,33,鮮奶棒,1,35,40.0,0.0,,24,0.1,31.5,1,0,0,0,0,0,0,0,1,0,0,0,1,1,0,0,0.1,32.0
中壢中原店,16:23:00,2025-08-24,星期日,33,貝果,1,30,40.0,0.0,,24,0.2,24.0,0,0,0,1,0,0,0,0,1,0,0,0,1,1,0,0,0.2,24.0
中壢中原店,16:23:00,2025-08-24,星期日,33,香土司,2,45,40.0,0.0,,24,0.1,40.5,1,0,0,0,0,0,0,0,1,0,0,0,1,1,0,0,0.1,41.0
中壢中原店,16:23:00,2025-08-24,星期日,33,水豆腐,3,30,40.0,0.0,,24,0.2,24.0,0,0,0,1,0,0,0,0,1,0,0,0,1,1,0,0,0.2,24.0
中壢中原店,16:23:00,2025-08-24,星期日,33,白玉蘭花蚌,1,69,40.0,0.0,,24,0.1,62.1,1,0,0,0,0,0,0,0,1,0,0,0,1,1,0,0,0.1,62.0
中壢中原店,16:23:00,2025-08-24,星期日,33,柳葉魚,1,69,40.0,0.0,,24,0.25,51.75,0,0,0,0,1,0,0,0,1,0,0,0,1,1,0,0,0.25,52.0
中壢中原店,16:23:00,2025-08-24,星期日,33,鯖魚切片,1,89,40.0,0.0,,24,0.25,66.75,0,0,0,0,1,0,0,0,1,0,0,0,1,1,0,0,0.25,67.0
中壢中原店,16:23:00,2025-08-24,星期日,33,無骨牛小排,1,225,40.0,0.0,,24,0.3,157.5,0,0,1,0,0,0,0,0,1,0,0,0,1,1,0,0,0.3,157.0
中壢中原店,16:23:00,2025-08-24,星期日,33,牛梅花火鍋,1,203,40.0,0.0,,24,0.3,142.1,0,0,1,0,0,0,0,0,1,0,0,0,1,1,0,0,0.3,142.0
中壢中原店,16:23:00,2025-08-24,星期日,33,五花肉,1,95,40.0,0.0,,24,0.3,66.5,0,0,1,0,0,0,0,0,1,0,0,0,1,1,0,0,0.3,66.0
中壢中原店,16:23:00,2025-08-24,星期日,33,無骨牛小排,1,241,40.0,0.0,,24,0.3,168.7,0,0,1,0,0,0,0,0,1,0,0,0,1,1,0,0,0.3,169.0
中壢中原店,16:23:00,2025-08-24,星期日,33,牛絞肉,1,114,40.0,0.0,,24,0.3,79.8,0,0,1,0,0,0,0,0,1,0,0,0,1,1,0,0,0.3,80.0
中壢中原店,11:20:00,2025-08-28,星期四,35,雞腿排肉切片,4,99,20.0,0.0,,24,0.3,69.3,0,0,1,0,0,0,0,0,1,0,0,0,1,1,0,0,0.3,69.0
中壢中原店,11:20:00,2025-08-28,星期四,35,雞嫩腿肉切丁,7,82,20.0,0.0,,24,0.3,57.4,0,0,1,0,0,0,0,0,1,0,0,0,1,1,0,0,0.3,57.0
中壢中原店,11:20:00,2025-08-28,星期四,35,豬五花火鍋 薄切肉片,4,81,20.0,0.0,,24,0.3,56.699999999999996,0,0,1,0,0,0,0,0,1,0,0,0,1,1,0,0,0.3,57.0
中壢中原店,11:20:00,2025-08-28,星期四,35,豬梅花火鍋 薄切肉片,3,93,20.0,0.0,,24,0.3,65.1,0,0,1,0,0,0,0,0,1,0,0,0,1,1,0,0,0.3,65.0
中壢中原店,11:20:00,2025-08-28,星期四,35,美國無骨牛小排,1,253,20.0,0.0,,24,0.3,177.1,0,0,1,0,0,0,0,0,1,0,0,0,1,1,0,0,0.3,177.0
中壢中原店,11:20:00,2025-08-28,星期四,35,美國牛里肌火鍋片,1,169,20.0,0.0,,24,0.3,118.3,0,0,1,0,0,0,0,0,1,0,0,0,1,1,0,0,0.3,118.0
中壢中原店,11:26:00,2025-09-06,星期六,34,土司,4,45,20.0,0.0,,24,0.1,40.5,1,0,0,0,0,0,0,0,1,0,0,0,1,0,1,0,0.1,41.0
中壢中原店,11:26:00,2025-09-06,星期六,34,蘭堡,1,49,20.0,0.0,,24,0.1,44.1,1,0,0,0,0,0,0,0,1,0,0,0,1,0,1,0,0.1,44.0
中壢中原店,11:26:00,2025-09-06,星期六,34,貝果,2,25,20.0,0.0,,24,0.2,20.0,0,0,0,1,0,0,0,0,1,0,0,0,1,0,1,0,0.2,20.0
中壢中原店,11:26:00,2025-09-06,星期六,34,巧克力蛋糕,1,32,20.0,0.0,,24,0.15,27.2,0,0,0,0,0,1,0,0,1,0,0,0,1,0,1,0,0.15,27.0
中壢中原店,11:26:00,2025-09-06,星期六,34,褒獎蛋糕,1,85,20.0,0.0,,24,0.15,72.25,0,0,0,0,0,1,0,0,1,0,0,0,1,0,1,0,0.15,72.0
中壢中原店,11:26:00,2025-09-06,星期六,34,船凍透,1,125,20.0,0.0,,24,0.1,112.5,1,0,0,0,0,0,0,0,1,0,0,0,1,0,1,0,0.1,113.0
中壢中原店,11:26:00,2025-09-06,星期六,34,熟文蛤肉,1,50,20.0,0.0,,24,0.3,35.0,0,0,1,0,0,0,0,0,1,0,0,0,1,0,1,0,0.3,35.0
中壢中原店,11:26:00,2025-09-06,星期六,34,鯛魚片,1,119,20.0,0.0,,24,0.25,89.25,0,0,0,0,1,0,0,0,1,0,0,0,1,0,1,0,0.25,89.0
中壢中原店,11:26:00,2025-09-06,星期六,34,豬枝骨,1,60,20.0,0.0,,24,0.3,42.0,0,0,1,0,0,0,0,0,1,0,0,0,1,0,1,0,0.3,42.0
中壢中原店,11:26:00,2025-09-06,星期六,34,豆乾,1,45,20.0,0.0,,24,0.2,36.0,0,0,0,1,0,0,0,0,1,0,0,0,1,0,1,0,0.2,36.0
中壢中原店,11:26:00,2025-09-06,星期六,34,鮭魚,3,98,20.0,0.0,,24,0.25,73.5,0,0,0,0,1,0,0,0,1,0,0,0,1,0,1,0,0.25,74.0
中壢中原店,11:26:00,2025-09-06,星期六,34,無骨牛小排,1,240,20.0,0.0,,24,0.3,168.0,0,0,1,0,0,0,0,0,1,0,0,0,1,0,1,0,0.3,168.0
中壢中原店,11:26:00,2025-09-06,星期六,34,牛肩里肌,2,146,20.0,0.0,,24,0.3,102.19999999999999,0,0,1,0,0,0,0,0,1,0,0,0,1,0,1,0,0.3,102.0
中壢中原店,11:26:00,2025-09-06,星期六,34,豬胸,4,102,20.0,0.0,,24,0.3,71.39999999999999,0,0,1,0,0,0,0,0,1,0,0,0,1,0,1,0,0.3,71.0
中壢中原店,18：47,2025-09-09,禮拜二,32,日玉蘭花蚌,1,69,40.0,0.0,,24,0.1,62.1,1,0,0,0,0,0,0,0,1,0,0,0,1,1,0,0,0.1,62.0
中壢環西店,17:40-18:05,2025-09-24,星期三,29,小黃瓜,1,49,40.0,0.0,,6,0.45,26.950000000000003,0,0,0,1,0,0,0,1,0,0,1,0,0,0,1,0,0.45,27.0
中壢環西店,17:40-18:05,2025-09-24,星期三,29,金針菇,3,38,40.0,0.0,,6,0.45,20.900000000000002,0,0,0,1,0,0,0,1,0,0,1,0,0,0,1,0,0.45,21.0
中壢環西店,17:40-18:05,2025-09-24,星期三,29,青椒,2,59,40.0,0.0,,6,0.45,32.45,0,0,0,1,0,0,0,1,0,0,1,0,0,0,1,0,0.45,32.0
中壢環西店,17:40-18:05,2025-09-24,星期三,29,澳洲牛肩里肌牛排,1,201,40.0,0.0,,6,0.6,80.4,0,0,1,0,0,0,0,1,0,0,1,0,0,0,1,0,0.6,80.0
中壢環西店,17:40-18:05,2025-09-24,星期三,29,鮭魚,1,209,40.0,0.0,,6,0.5,104.5,0,0,0,0,1,0,0,1,0,0,1,0,0,0,1,0,0.5,104.0
中壢環西店,17:40-18:05,2025-09-24,星期三,29,吐司,3,45,40.0,0.0,,6,0.4,27.0,0,0,0,0,0,1,0,1,0,0,1,0,0,0,1,0,0.4,27.0
中壢環西店,17:40-18:05,2025-09-24,星期三,29,大黃瓜,1,42,40.0,0.0,,6,0.45,23.1,0,0,0,1,0,0,0,1,0,0,1,0,0,0,1,0,0.45,23.0
中壢環西店,17:40-18:05,2025-09-24,星期三,29,櫛瓜,1,58,40.0,0.0,,6,0.45,31.900000000000002,0,0,0,1,0,0,0,1,0,0,1,0,0,0,1,0,0.45,32.0
中壢環西店,17:40-18:05,2025-09-24,星期三,29,韓式魚板,2,68,40.0,0.0,,6,0.5,34.0,0,0,0,0,1,0,0,1,0,0,1,0,0,0,1,0,0.5,34.0
中壢環西店,17:40-18:05,2025-09-24,星期三,29,刻花魷魚,1,86,40.0,0.0,,6,0.5,43.0,0,0,0,0,1,0,0,1,0,0,1,0,0,0,1,0,0.5,43.0
中壢環西店,17:40-18:05,2025-09-24,星期三,29,鹽鯖魚切片,2,88,40.0,0.0,,6,0.5,44.0,0,0,0,0,1,0,0,1,0,0,1,0,0,0,1,0,0.5,44.0
中壢環西店,17:40-18:05,2025-09-24,星期三,29,桂丁土雞二翅,1,92,40.0,0.0,,6,0.6,36.800000000000004,0,0,1,0,0,0,0,1,0,0,1,0,0,0,1,0,0.6,37.0
中壢環西店,16:30-16:50,2025-09-25,星期四,32,絲瓜,1,59,40.0,0.0,,8,0.3,41.3,0,0,0,1,0,0,0,1,0,0,0,0,1,1,0,0,0.3,41.0
中壢環西店,16:30-16:50,2025-09-25,星期四,32,新興梨,1,138,42.0,0.0,,8,0.15,117.3,1,0,0,0,0,0,0,1,0,0,0,0,1,1,0,0,0.15,117.0
中壢環西店,16:30-16:50,2025-09-25,星期四,32,美國牛肩里肌火鍋片,1,134,40.0,0.0,,8,0.45,73.7,0,0,1,0,0,0,0,1,0,0,0,0,1,1,0,0,0.45,74.0
中壢環西店,16:30-16:50,2025-09-25,星期四,32,美國牛梅花火鍋肉,1,140,40.0,0.0,,8,0.45,77.0,0,0,1,0,0,0,0,1,0,0,0,0,1,1,0,0,0.45,77.0
中壢環西店,16:30-16:50,2025-09-25,星期四,32,台南虱目魚肚,2,99,40.0,0.0,,8,0.35,64.35000000000001,0,0,0,0,1,0,0,1,0,0,0,0,1,1,0,0,0.35,64.0
中壢環西店,16:30-16:50,2025-09-25,星期四,32,大比目魚切片,1,125,40.0,0.0,,8,0.35,81.25,0,0,0,0,1,0,0,1,0,0,0,0,1,1,0,0,0.35,81.0
中壢環西店,16:30-16:50,2025-09-25,星期四,32,台灣熟小卷,2,99,40.0,0.0,,8,0.15,84.14999999999999,1,0,0,0,0,0,0,1,0,0,0,0,1,1,0,0,0.15,84.0
中壢環西店,16:30-16:50,2025-09-25,星期四,32,魷魚圈,2,68,40.0,0.0,,8,0.35,44.2,0,0,0,0,1,0,0,1,0,0,0,0,1,1,0,0,0.35,44.0
中壢環西店,16:30-16:50,2025-09-25,星期四,32,吐司,3,45,40.0,0.0,,8,0.25,33.75,0,0,0,0,0,1,0,1,0,0,0,0,1,1,0,0,0.25,34.0
中壢環西店,17:25-17:34,2025-09-26,星期五,27,有機金針菇,2,38,40.0,0.0,,7,0.3,26.599999999999998,0,0,0,1,0,0,0,1,0,0,0,1,0,0,1,0,0.3,27.0
中壢環西店,17:25-17:34,2025-09-26,星期五,27,地瓜葉,1,32,40.0,0.0,,7,0.3,22.4,0,0,0,1,0,0,0,1,0,0,0,1,0,0,1,0,0.3,22.0
中壢環西店,17:25-17:34,2025-09-26,星期五,27,小黃瓜,3,22,40.0,0.0,,7,0.3,15.399999999999999,0,0,0,1,0,0,0,1,0,0,0,1,0,0,1,0,0.3,15.0
中壢環西店,17:25-17:34,2025-09-26,星期五,27,大黃瓜,5,42,40.0,0.0,,7,0.3,29.4,0,0,0,1,0,0,0,1,0,0,0,1,0,0,1,0,0.3,29.0
中壢環西店,17:25-17:34,2025-09-26,星期五,27,櫛瓜,4,58,40.0,0.0,,7,0.3,40.599999999999994,0,0,0,1,0,0,0,1,0,0,0,1,0,0,1,0,0.3,41.0
中壢環西店,17:25-17:34,2025-09-26,星期五,27,九層塔,2,45,40.0,0.0,,7,0.15,38.25,1,0,0,0,0,0,0,1,0,0,0,1,0,0,1,0,0.15,38.0
中壢環西店,17:25-17:34,2025-09-26,星期五,27,紅蘿蔔,1,31,40.0,0.0,,7,0.15,26.349999999999998,1,0,0,0,0,0,0,1,0,0,0,1,0,0,1,0,0.15,26.0
中壢環西店,17:25-17:34,2025-09-26,星期五,27,青椒,3,68,40.0,0.0,,7,0.3,47.599999999999994,0,0,0,1,0,0,0,1,0,0,0,1,0,0,1,0,0.3,48.0
中壢環西店,17:25-17:34,2025-09-26,星期五,27,蚵白菜,1,45,70.0,0.0,,7,0.3,31.499999999999996,0,0,0,1,0,0,0,1,0,0,0,1,0,0,1,0,0.3,31.0
中壢環西店,17:25-17:34,2025-09-26,星期五,27,白精靈菇,4,55,40.0,0.0,,7,0.3,38.5,0,0,0,1,0,0,0,1,0,0,0,1,0,0,1,0,0.3,39.0
中壢環西店,17:25-17:34,2025-09-26,星期五,27,澳洲穀飼牛梅花牛排,1,172,20.0,0.0,,7,0.45,94.60000000000001,0,0,1,0,0,0,0,1,0,0,0,1,0,0,1,0,0.45,95.0
中壢環西店,17:25-17:34,2025-09-26,星期五,27,澳洲牛嫩腿心炒肉絲,1,108,40.0,0.0,,7,0.45,59.400000000000006,0,0,1,0,0,0,0,1,0,0,0,1,0,0,1,0,0.45,59.0
中壢環西店,17:25-17:34,2025-09-26,星期五,27,機嫩腿肉切丁,2,92,40.0,0.0,,7,0.45,50.6,0,0,1,0,0,0,0,1,0,0,0,1,0,0,1,0,0.45,51.0
中壢環西店,17:25-17:34,2025-09-26,星期五,27,香魚,5,88,40.0,0.0,,7,0.35,57.2,0,0,0,0,1,0,0,1,0,0,0,1,0,0,1,0,0.35,57.0
中壢環西店,17:25-17:34,2025-09-26,星期五,27,鮭魚頭,1,118,40.0,0.0,,7,0.35,76.7,0,0,0,0,1,0,0,1,0,0,0,1,0,0,1,0,0.35,77.0
中壢環西店,17:25-17:34,2025-09-26,星期五,27,草莓麵包,1,28,40.0,0.0,,7,0.25,21.0,0,0,0,0,0,1,0,1,0,0,0,1,0,0,1,0,0.25,21.0
中壢環西店,17:25-17:34,2025-09-26,星期五,27,吐司,4,45,40.0,0.0,,7,0.25,33.75,0,0,0,0,0,1,0,1,0,0,0,1,0,0,1,0,0.25,34.0
中壢環西店,17:25-17:34,2025-09-26,星期五,27,蒜米,15,79,40.0,0.0,,7,0.15,67.14999999999999,1,0,0,0,0,0,0,1,0,0,0,1,0,0,1,0,0.15,67.0
中壢環西店,17:25-17:34,2025-09-26,星期五,27,文旦,10,85,60.0,0.0,,7,0.15,72.25,1,0,0,0,0,0,0,1,0,0,0,1,0,0,1,0,0.15,72.0
中壢環西店,17:25-17:34,2025-09-26,星期五,27,香蕉,2,48,40.0,0.0,,7,0.15,40.8,1,0,0,0,0,0,0,1,0,0,0,1,0,0,1,0,0.15,41.0
中壢環西店,17:25-17:34,2025-09-26,星期五,27,有機九層塔,1,38,60.0,0.0,,7,0.15,32.3,1,0,0,0,0,0,0,1,0,0,0,1,0,0,1,0,0.15,32.0
中壢環西店,17:25-17:34,2025-09-26,星期五,27,南方澳吻仔魚,1,85,40.0,0.0,,7,0.35,55.25,0,0,0,0,1,0,0,1,0,0,0,1,0,0,1,0,0.35,55.0
中壢環西店,17:25-17:34,2025-09-26,星期五,27,船凍透抽,1,138,40.0,0.0,,7,0.15,117.3,1,0,0,0,0,0,0,1,0,0,0,1,0,0,1,0,0.15,117.0
中壢環西店,17:25-17:34,2025-09-26,星期五,27,榛果巧克力風味生貝果,1,35,40.0,0.0,,7,0.3,24.5,0,0,0,1,0,0,0,1,0,0,0,1,0,0,1,0,0.3,24.0
中壢環西店,17:25-17:34,2025-09-26,星期五,27,草莓口袋吐司,1,29,40.0,0.0,,7,0.25,21.75,0,0,0,0,0,1,0,1,0,0,0,1,0,0,1,0,0.25,22.0
中壢環西店,17:25-17:34,2025-09-26,星期五,27,帕瑪森堡,2,39,40.0,0.0,,7,0.15,33.15,1,0,0,0,0,0,0,1,0,0,0,1,0,0,1,0,0.15,33.0
中壢環西店,17:25-17:34,2025-09-26,星期五,27,蜂蜜蛋糕家庭號,1,89,40.0,0.0,,7,0.25,66.75,0,0,0,0,0,1,0,1,0,0,0,1,0,0,1,0,0.25,67.0
龍潭中正店,18:50:00,2025-09-26,星期五,30,豬白肉火鍋片,3,99,40.0,0.0,,24,0.3,69.3,0,0,1,0,0,0,0,1,0,0,0,1,0,1,0,0,0.3,69.0
龍潭中正店,18:50:00,2025-09-26,星期五,30,文昌雞切塊,1,169,40.0,0.0,,24,0.3,118.3,0,0,1,0,0,0,0,1,0,0,0,1,0,1,0,0,0.3,118.0
中壢中原店,14：11,2025-09-27,禮拜六,30,土司,3,45,20.0,0.0,,24,0.1,40.5,1,0,0,0,0,0,0,0,1,0,0,0,1,1,0,0,0.1,41.0
中壢中原店,14：11,2025-09-27,禮拜六,30,貝果,1,30,20.0,0.0,,24,0.2,24.0,0,0,0,1,0,0,0,0,1,0,0,0,1,1,0,0,0.2,24.0
中壢中原店,14：11,2025-09-27,禮拜六,30,菠蘿包,3,35,20.0,0.0,,24,0.1,31.5,1,0,0,0,0,0,0,0,1,0,0,0,1,1,0,0,0.1,32.0
中壢中原店,14：11,2025-09-27,禮拜六,30,水豆腐,1,30,20.0,0.0,,24,0.2,24.0,0,0,0,1,0,0,0,0,1,0,0,0,1,1,0,0,0.2,24.0
中壢中原店,14：11,2025-09-27,禮拜六,30,蛤蜊,1,75,20.0,0.0,,24,0.25,56.25,0,0,0,0,1,0,0,0,1,0,0,0,1,1,0,0,0.25,56.0
中壢中原店,14：11,2025-09-27,禮拜六,30,白蝦,2,169,20.0,0.0,,24,0.25,126.75,0,0,0,0,1,0,0,0,1,0,0,0,1,1,0,0,0.25,127.0
中壢中原店,14：11,2025-09-27,禮拜六,30,鮭魚頭,1,139,20.0,0.0,,24,0.25,104.25,0,0,0,0,1,0,0,0,1,0,0,0,1,1,0,0,0.25,104.0
中壢中原店,14：11,2025-09-27,禮拜六,30,風目魚肚,1,99,20.0,0.0,,24,0.25,74.25,0,0,0,0,1,0,0,0,1,0,0,0,1,1,0,0,0.25,74.0
中壢環西店,18:34-18:40,2025-10-01,星期三,29,精緻繽紛水果盤,2,89,40.0,0.0,,6,0.45,48.95,0,0,0,1,0,0,0,1,0,0,1,0,0,1,0,0,0.45,49.0
中壢環西店,18:34-18:40,2025-10-01,星期三,29,有機金針菇,8,38,40.0,0.0,,6,0.45,20.900000000000002,0,0,0,1,0,0,0,1,0,0,1,0,0,1,0,0,0.45,21.0
中壢環西店,18:34-18:40,2025-10-01,星期三,29,有機絲瓜,11,59,40.0,0.0,,6,0.45,32.45,0,0,0,1,0,0,0,1,0,0,1,0,0,1,0,0,0.45,32.0
中壢環西店,18:34-18:40,2025-10-01,星期三,29,香魚,1,88,40.0,0.0,,6,0.5,44.0,0,0,0,0,1,0,0,1,0,0,1,0,0,1,0,0,0.5,44.0
中壢環西店,18:34-18:40,2025-10-01,星期三,29,吉比花生夾心麵包,2,35,40.0,0.0,,6,0.4,21.0,0,0,0,0,0,1,0,1,0,0,1,0,0,1,0,0,0.4,21.0
中壢環西店,18:34-18:40,2025-10-01,星期三,29,花生波羅麵包,1,35,40.0,0.0,,6,0.4,21.0,0,0,0,0,0,1,0,1,0,0,1,0,0,1,0,0,0.4,21.0
中壢環西店,18:34-18:40,2025-10-01,星期三,29,餐包捲,1,49,40.0,0.0,,6,0.25,36.75,1,0,0,0,0,0,0,1,0,0,1,0,0,1,0,0,0.25,37.0
中壢環西店,18:34-18:40,2025-10-01,星期三,29,小農鮮奶吐司,1,65,40.0,0.0,,6,0.4,39.0,0,0,0,0,0,1,0,1,0,0,1,0,0,1,0,0,0.4,39.0
中壢環西店,19:33-19:37,2025-10-02,星期四,28,株梅花蘆筍捲,2,165,40.0,0.0,,5,0.45,90.75000000000001,0,0,0,1,0,0,0,1,0,0,1,0,0,1,0,0,0.45,91.0
中壢環西店,19:33-19:37,2025-10-02,星期四,28,去骨鴨腿,3,99,40.0,0.0,,5,0.6,39.6,0,0,1,0,0,0,0,1,0,0,1,0,0,1,0,0,0.6,40.0
中壢環西店,19:33-19:37,2025-10-02,星期四,28,魷魚串(燒烤),1,129,40.0,0.0,,5,0.5,64.5,0,0,0,0,1,0,0,1,0,0,1,0,0,1,0,0,0.5,64.0
中壢環西店,19:33-19:37,2025-10-02,星期四,28,冷藏生鮭魚頭,1,102,40.0,0.0,,5,0.5,51.0,0,0,0,0,1,0,0,1,0,0,1,0,0,1,0,0,0.5,51.0
中壢環西店,19:33-19:37,2025-10-02,星期四,28,三明治吐司,1,42,40.0,0.0,,5,0.4,25.2,0,0,0,0,0,1,0,1,0,0,1,0,0,1,0,0,0.4,25.0
中壢環西店,19:33-19:37,2025-10-02,星期四,28,花生波羅麵包,1,35,40.0,0.0,,5,0.4,21.0,0,0,0,0,0,1,0,1,0,0,1,0,0,1,0,0,0.4,21.0
中壢中原店,12:3-12:35,2025-10-02,星期四,30,鹽麴去骨雞腿排,1,75,20.0,0.0,,24,0.3,52.5,0,0,1,0,0,0,0,0,1,0,0,0,1,1,0,0,0.3,52.0
中壢中原店,17:08:00,2025-10-03,禮拜五,29,三角豆腐,1,43,20.0,0.0,,24,0.2,34.4,0,0,0,1,0,0,0,0,1,0,1,0,0,1,0,0,0.2,34.0
中壢中原店,17:08:00,2025-10-03,禮拜五,29,花枝丸,1,78,20.0,0.0,,24,0.25,58.5,0,0,0,0,1,0,0,0,1,0,1,0,0,1,0,0,0.25,58.0
中壢中原店,17:08:00,2025-10-03,禮拜五,29,打白蝦,2,169,20.0,0.0,,24,0.25,126.75,0,0,0,0,1,0,0,0,1,0,1,0,0,1,0,0,0.25,127.0
中壢中原店,17:08:00,2025-10-03,禮拜五,29,目魚聊,1,99,40.0,0.0,,24,0.25,74.25,0,0,0,0,1,0,0,0,1,0,1,0,0,1,0,0,0.25,74.0
中壢中原店,17:08:00,2025-10-03,禮拜五,29,目魚肚,1,128,20.0,0.0,,24,0.25,96.0,0,0,0,0,1,0,0,0,1,0,1,0,0,1,0,0,0.25,96.0
中壢中原店,17:08:00,2025-10-03,禮拜五,29,餃子皮,2,35,40.0,0.0,,24,0.1,31.5,0,1,0,0,0,0,0,0,1,0,1,0,0,1,0,0,0.13,30.0
龍潭中正店,20:00:00,2025-10-05,星期日,27,冷藏美國牛絞肉,1,111,40.0,0.0,,24,0.3,77.69999999999999,0,0,1,0,0,0,0,1,0,0,1,0,0,1,0,0,0.3,78.0
愛買 桃園店,20:50-21:00,2025-03-23,星期日,18,豬小排,2,212,25.0,2.0,,51,0.0,212.0,0,0,1,0,0,0,0,1,0,0,0,0,1,1,0,0,0.0,212.0
愛買 桃園店,20:50-21:00,2025-03-23,星期日,18,青江菜,7,25,12.0,3.0,,75,0.0,25.0,0,0,0,1,0,0,0,1,0,0,0,0,1,1,0,0,0.0,25.0
愛買 桃園店,20:40-21:00,2025-03-29,星期六,14,豬絞肉,1,153,22.0,2.0,,51,0.0,153.0,0,0,1,0,0,0,0,1,0,0,0,0,1,0,1,0,0.0,153.0
愛買 桃園店,20:40-21:00,2025-03-29,星期六,14,葡式蛋塔,2,95,21.0,3.0,,75,0.0,95.0,0,0,0,0,0,1,0,1,0,0,0,0,1,0,1,0,0.0,95.0
愛買 桃園店,20:40-21:00,2025-03-29,星期六,14,包心白菜,3,39,51.0,0.0,,3,0.45,21.450000000000003,0,0,0,1,0,0,0,1,0,0,0,0,1,0,1,0,0.45,21.0
愛買 桃園店,20:40-21:00,2025-03-29,星期六,14,富士蘋果,1,54,35.0,0.0,,3,0.45,29.700000000000003,0,0,0,1,0,0,0,1,0,0,0,0,1,0,1,0,0.45,30.0
愛買 桃園店,20:40-21:00,2025-03-29,星期六,14,有機韭菜,1,49,41.0,0.0,,3,0.45,26.950000000000003,0,0,0,1,0,0,0,1,0,0,0,0,1,0,1,0,0.45,27.0
愛買 桃園店,20:40-21:00,2025-03-29,星期六,14,智利黑葡萄,5,73,33.0,0.0,,3,0.25,54.75,1,0,0,0,0,0,0,1,0,0,0,0,1,0,1,0,0.25,55.0
愛買 桃園店,20:40-21:00,2025-03-29,星期六,14,杏鮑菇,1,45,40.0,0.0,,3,0.45,24.750000000000004,0,0,0,1,0,0,0,1,0,0,0,0,1,0,1,0,0.45,25.0
愛買 桃園店,16:40-17:00,2025-04-03,星期四,21,國產清雞胸肉,1,205,27.0,1.0,,31,0.15,174.25,0,0,1,0,0,0,0,1,0,0,1,0,0,1,0,0,0.15,174.0
愛買 桃園店,16:40-17:00,2025-04-03,星期四,21,國產二節翅,2,131,40.0,1.0,,31,0.05,124.44999999999999,1,0,0,0,0,0,0,1,0,0,1,0,0,1,0,0,0.05,124.0
愛買 桃園店,16:40-17:00,2025-04-03,星期四,21,豬小排,1,196,26.0,1.0,,31,0.15,166.6,0,0,1,0,0,0,0,1,0,0,1,0,0,1,0,0,0.15,167.0
愛買 桃園店,16:40-17:00,2025-04-03,星期四,21,豬五花肉片,1,163,31.0,1.0,,31,0.15,138.54999999999998,0,0,1,0,0,0,0,1,0,0,1,0,0,1,0,0,0.15,139.0
愛買 桃園店,16:40-17:00,2025-04-03,星期四,21,葡式蛋塔,4,100,5.0,3.0,,79,0.0,100.0,0,0,0,0,0,1,0,1,0,0,1,0,0,1,0,0,0.0,100.0
愛買 桃園店,16:40-17:00,2025-04-03,星期四,21,智利富士蘋果/3顆,2,74,7.0,0.0,,7,0.3,51.8,0,0,0,1,0,0,0,1,0,0,1,0,0,1,0,0,0.3,52.0
愛買 桃園店,16:40-17:00,2025-04-03,星期四,21,杏鮑菇,1,105,44.0,0.0,,7,0.3,73.5,0,0,0,1,0,0,0,1,0,0,1,0,0,1,0,0,0.3,73.0
愛買 桃園店,16:40-17:00,2025-04-03,星期四,21,青花菜,16,59,17.0,0.0,,7,0.3,41.3,0,0,0,1,0,0,0,1,0,0,1,0,0,1,0,0,0.3,41.0
愛買 桃園店,16:40-17:00,2025-04-03,星期四,21,玉米兩條,5,42,40.0,0.0,,7,0.15,35.699999999999996,1,0,0,0,0,0,0,1,0,0,1,0,0,1,0,0,0.15,36.0
愛買 桃園店,16:40-17:00,2025-04-03,星期四,21,奇異果 五粒,3,89,45.0,0.0,,7,0.3,62.3,0,0,0,1,0,0,0,1,0,0,1,0,0,1,0,0,0.3,62.0
愛買 桃園店,16:30-17:00,2025-04-23,星期三,25,國產雞清胸肉,6,199,28.0,1.0,,31,0.15,169.15,0,0,1,0,0,0,0,1,0,0,0,0,1,0,1,0,0.15,169.0
愛買 桃園店,16:30-17:00,2025-04-23,星期三,25,國產二節翅,2,164,30.0,1.0,,31,0.05,155.79999999999998,1,0,0,0,0,0,0,1,0,0,0,0,1,0,1,0,0.05,156.0
愛買 桃園店,16:30-17:00,2025-04-23,星期三,25,美國特選骰子牛排,1,203,25.0,1.0,,31,0.15,172.54999999999998,0,0,1,0,0,0,0,1,0,0,0,0,1,0,1,0,0.15,173.0
愛買 桃園店,16:30-17:00,2025-04-23,星期三,25,台灣珍豬豬肉絲,4,113,22.0,1.0,,31,0.15,96.05,0,0,1,0,0,0,0,1,0,0,0,0,1,0,1,0,0.15,96.0
愛買 桃園店,16:30-17:00,2025-04-23,星期三,25,板腱牛排,2,265,19.0,1.0,,31,0.15,225.25,0,0,1,0,0,0,0,1,0,0,0,0,1,0,1,0,0.15,225.0
愛買 桃園店,16:30-17:00,2025-04-23,星期三,25,鮮奶吐司,3,69,14.0,2.0,,55,0.0,69.0,0,0,0,0,0,1,0,1,0,0,0,0,1,0,1,0,0.0,69.0
愛買 桃園店,16:30-17:00,2025-04-23,星期三,25,葡式蛋塔(四個),4,100,5.0,2.0,,55,0.0,100.0,0,0,0,0,0,1,0,1,0,0,0,0,1,0,1,0,0.0,100.0
愛買 桃園店,16:30-17:00,2025-04-23,星期三,25,金針菇,1,14,36.0,0.0,,7,0.3,9.799999999999999,0,0,0,1,0,0,0,1,0,0,0,0,1,0,1,0,0.3,10.0
愛買 桃園店,16:30-17:00,2025-04-23,星期三,25,鴻喜菇,1,33,42.0,0.0,,7,0.3,23.099999999999998,0,0,0,1,0,0,0,1,0,0,0,0,1,0,1,0,0.3,23.0
愛買 桃園店,16:30-17:00,2025-04-23,星期三,25,智利黑葡萄,6,121,31.0,0.0,,7,0.15,102.85,1,0,0,0,0,0,0,1,0,0,0,0,1,0,1,0,0.15,103.0
愛買 桃園店,16:30-17:00,2025-04-23,星期三,25,芭樂 三粒,2,106,20.0,0.0,,7,0.3,74.19999999999999,0,0,0,1,0,0,0,1,0,0,0,0,1,0,1,0,0.3,74.0
愛買 桃園店,16:30-17:00,2025-04-23,星期三,25,菠菜,3,39,36.0,0.0,,7,0.3,27.299999999999997,0,0,0,1,0,0,0,1,0,0,0,0,1,0,1,0,0.3,27.0
愛買 桃園店,16:30-17:00,2025-04-23,星期三,25,水蓮,4,45,56.0,0.0,,7,0.15,38.25,1,0,0,0,0,0,0,1,0,0,0,0,1,0,1,0,0.15,38.0
愛買 桃園店,16:30-17:00,2025-04-23,星期三,25,有機青松菜,6,39,36.0,0.0,,7,0.3,27.299999999999997,0,0,0,1,0,0,0,1,0,0,0,0,1,0,1,0,0.3,27.0
愛買 桃園店,17:30:00,2025-07-07,星期一,29,台灣珍豬豬肉絲,4,205,20.0,1.0,,48,0.15,174.25,0,0,1,0,0,0,0,1,0,0,1,0,0,0,1,0,0.15,174.0
愛買 桃園店,17:30:00,2025-07-07,星期一,29,台灣里肌火鍋片,3,123,20.0,1.0,,48,0.15,104.55,0,0,1,0,0,0,0,1,0,0,1,0,0,0,1,0,0.15,105.0
愛買 桃園店,17:30:00,2025-07-07,星期一,29,澳洲牛筋膜,3,149,20.0,1.0,,48,0.15,126.64999999999999,0,0,1,0,0,0,0,1,0,0,1,0,0,0,1,0,0.15,127.0
愛買 桃園店,17:30:00,2025-07-07,星期一,29,葡式蛋塔,2,100,5.0,2.0,,72,0.0,100.0,0,0,0,0,0,1,0,1,0,0,1,0,0,0,1,0,0.0,100.0
愛買 桃園店,17:30:00,2025-07-07,星期一,29,高麗菜,7,79,38.0,0.0,,24,0.2,63.2,0,0,0,1,0,0,0,1,0,0,1,0,0,0,1,0,0.2,63.0
愛買 桃園店,17:30:00,2025-07-07,星期一,29,芭樂 三粒,3,139,43.0,0.0,,24,0.2,111.2,0,0,0,1,0,0,0,1,0,0,1,0,0,0,1,0,0.2,111.0
愛買 桃園店,17:30:00,2025-07-07,星期一,29,空心菜,3,39,51.0,0.0,,24,0.2,31.200000000000003,0,0,0,1,0,0,0,1,0,0,1,0,0,0,1,0,0.2,31.0
愛買 桃園店,17:30:00,2025-07-07,星期一,29,玉米筍,2,29,48.0,0.0,,24,0.2,23.200000000000003,0,0,0,1,0,0,0,1,0,0,1,0,0,0,1,0,0.2,23.0
愛買 桃園店,15:00:00,2025-07-11,星期五,28,葡式蛋塔,6,100,5.0,3.0,,96,0.0,100.0,0,0,0,0,0,1,0,1,0,0,0,0,1,0,1,0,0.0,100.0
愛買 桃園店,15:00:00,2025-07-11,星期五,28,高麗菜,3,79,25.0,0.0,,24,0.2,63.2,0,0,0,1,0,0,0,1,0,0,0,0,1,0,1,0,0.2,63.0
愛買 桃園店,15:00:00,2025-07-11,星期五,28,金針菇,1,12,33.0,0.0,,24,0.2,9.600000000000001,0,0,0,1,0,0,0,1,0,0,0,0,1,0,1,0,0.2,10.0
愛買 桃園店,15:00:00,2025-07-11,星期五,28,富士蘋果/3顆,3,74,39.0,0.0,,24,0.2,59.2,0,0,0,1,0,0,0,1,0,0,0,0,1,0,1,0,0.2,59.0
愛買 桃園店,15:00:00,2025-07-11,星期五,28,玉米兩條,1,65,40.0,0.0,,24,0.1,58.5,1,0,0,0,0,0,0,1,0,0,0,0,1,0,1,0,0.1,59.0
愛買 桃園店,15:00:00,2025-07-11,星期五,28,萵苣,3,38,50.0,0.0,,24,0.1,34.2,1,0,0,0,0,0,0,1,0,0,0,0,1,0,1,0,0.1,34.0
愛買 桃園店,15：00,2025-07-14,星期一,32,葡式蛋塔,6,100,5.0,3.0,,96,0.0,100.0,0,0,0,0,0,1,0,1,0,0,0,0,1,1,0,0,0.0,100.0
愛買 桃園店,15：00,2025-07-14,星期一,32,高麗菜,5,89,34.0,0.0,,24,0.2,71.2,0,0,0,1,0,0,0,1,0,0,0,0,1,1,0,0,0.2,71.0
愛買 桃園店,15：00,2025-07-14,星期一,32,智利富士蘋果/3顆,2,74,34.0,0.0,,24,0.2,59.2,0,0,0,1,0,0,0,1,0,0,0,0,1,1,0,0,0.2,59.0
愛買 桃園店,15：00,2025-07-14,星期一,32,杏鮑菇,4,105,34.0,1.0,,48,0.1,94.5,0,0,0,1,0,0,0,1,0,0,0,0,1,1,0,0,0.1,95.0
愛買 桃園店,11:30-12:00,2025-07-24,星期四,30,高麗菜,1,89,34.0,0.0,,12,0.3,62.3,0,0,0,1,0,0,0,1,0,0,0,0,1,1,0,0,0.3,62.0
愛買 桃園店,11:30-12:00,2025-07-24,星期四,30,智利富士蘋果/3顆,1,67,33.0,0.0,,12,0.3,46.9,0,0,0,1,0,0,0,1,0,0,0,0,1,1,0,0,0.3,47.0
愛買 桃園店,11:30-12:00,2025-07-24,星期四,30,玉米兩條,7,59,41.0,0.0,,12,0.15,50.15,1,0,0,0,0,0,0,1,0,0,0,0,1,1,0,0,0.15,50.0
愛買 桃園店,11:30-12:00,2025-07-24,星期四,30,芭樂 三粒,11,67,33.0,0.0,,12,0.3,46.9,0,0,0,1,0,0,0,1,0,0,0,0,1,1,0,0,0.3,47.0
愛買 桃園店,11:30-12:00,2025-07-24,星期四,30,水蓮,2,39,36.0,0.0,,12,0.15,33.15,1,0,0,0,0,0,0,1,0,0,0,0,1,1,0,0,0.15,33.0
愛買 桃園店,11:30-12:00,2025-07-24,星期四,30,玉米筍,1,29,31.0,0.0,,12,0.3,20.299999999999997,0,0,0,1,0,0,0,1,0,0,0,0,1,1,0,0,0.3,20.0
愛買 桃園店,11:30-12:00,2025-07-24,星期四,30,酪梨,1,101,22.0,0.0,,12,0.15,85.85,1,0,0,0,0,0,0,1,0,0,0,0,1,1,0,0,0.15,86.0
愛買 桃園店,18:00-18:30,2025-08-01,星期五,29,澳洲牛筋膜,1,88,20.0,1.0,,30,0.15,74.8,0,0,1,0,0,0,0,1,0,0,1,0,0,0,0,1,0.15,75.0
愛買 桃園店,18:00-18:30,2025-08-01,星期五,29,豬梅花火鍋片,2,169,20.0,1.0,,30,0.15,143.65,0,0,1,0,0,0,0,1,0,0,1,0,0,0,0,1,0.15,144.0
愛買 桃園店,18:00-18:30,2025-08-01,星期五,29,豬里肌可肉片,2,118,20.0,1.0,,30,0.15,100.3,0,0,1,0,0,0,0,1,0,0,1,0,0,0,0,1,0.15,100.0
愛買 桃園店,18:00-18:30,2025-08-01,星期五,29,台灣珍豬豬絞肉,1,142,20.0,1.0,,30,0.15,120.7,0,0,1,0,0,0,0,1,0,0,1,0,0,0,0,1,0.15,121.0
愛買 桃園店,18:00-18:30,2025-08-01,星期五,29,豬梅花肉,1,213,20.0,1.0,,30,0.15,181.04999999999998,0,0,1,0,0,0,0,1,0,0,1,0,0,0,0,1,0.15,181.0
愛買 桃園店,18:00-18:30,2025-08-01,星期五,29,翅小腿,1,133,20.0,1.0,,30,0.15,113.05,0,0,1,0,0,0,0,1,0,0,1,0,0,0,0,1,0.15,113.0
愛買 桃園店,18:00-18:30,2025-08-01,星期五,29,葡式蛋塔,8,100,5.0,2.0,,54,0.0,100.0,0,0,0,0,0,1,0,1,0,0,1,0,0,0,0,1,0.0,100.0
愛買 桃園店,18:00-18:30,2025-08-01,星期五,29,青花菜,1,89,45.0,0.0,,6,0.45,48.95,0,0,0,1,0,0,0,1,0,0,1,0,0,0,0,1,0.45,49.0
愛買 桃園店,18:00-18:30,2025-08-01,星期五,29,芭樂 三粒,4,41,39.0,0.0,,6,0.45,22.55,0,0,0,1,0,0,0,1,0,0,1,0,0,0,0,1,0.45,23.0
愛買 桃園店,18:00-18:30,2025-08-01,星期五,29,火龍果 2粒,1,50,42.0,0.0,,6,0.45,27.500000000000004,0,0,0,1,0,0,0,1,0,0,1,0,0,0,0,1,0.45,27.0
愛買 桃園店,18:00-18:30,2025-08-02,星期六,29,豬小排,1,174,20.0,2.0,,54,0.0,174.0,0,0,1,0,0,0,0,1,0,0,0,1,0,1,0,0,0.0,174.0
愛買 桃園店,18:00-18:30,2025-08-02,星期六,29,帶皮五花肉,2,232,20.0,2.0,,54,0.0,232.0,0,0,1,0,0,0,0,1,0,0,0,1,0,1,0,0,0.0,232.0
愛買 桃園店,18:00-18:30,2025-08-02,星期六,29,豬梅花肉,1,146,21.0,2.0,,54,0.0,146.0,0,0,1,0,0,0,0,1,0,0,0,1,0,1,0,0,0.0,146.0
愛買 桃園店,18:00-18:30,2025-08-02,星期六,29,葡式蛋塔,2,100,5.0,3.0,,78,0.0,100.0,0,0,0,0,0,1,0,1,0,0,0,1,0,1,0,0,0.0,100.0
愛買 桃園店,18:00-18:30,2025-08-02,星期六,29,芭樂 三粒,4,41,39.0,0.0,,6,0.45,22.55,0,0,0,1,0,0,0,1,0,0,0,1,0,1,0,0,0.45,23.0
愛買 桃園店,18:00-18:30,2025-08-02,星期六,29,芹菜,1,72,46.0,0.0,,6,0.45,39.6,0,0,0,1,0,0,0,1,0,0,0,1,0,1,0,0,0.45,40.0
愛買 桃園店,18:00-18:30,2025-08-02,星期六,29,絲瓜,4,69,35.0,0.0,,6,0.45,37.95,0,0,0,1,0,0,0,1,0,0,0,1,0,1,0,0,0.45,38.0
愛買 桃園店,18:00-18:30,2025-08-02,星期六,29,筊白筍,3,119,50.0,0.0,,6,0.45,65.45,0,0,0,1,0,0,0,1,0,0,0,1,0,1,0,0,0.45,65.0
愛買 桃園店,18:00-18:30,2025-08-02,星期六,29,青椒,1,62,60.0,0.0,,6,0.45,34.1,0,0,0,1,0,0,0,1,0,0,0,1,0,1,0,0,0.45,34.0
愛買 桃園店,18:30-19:00,2025-08-07,星期四,30,珍豬雪花肉,2,242,20.0,1.0,,29,0.15,205.7,0,0,1,0,0,0,0,1,0,0,0,0,1,1,0,0,0.15,206.0
愛買 桃園店,18:30-19:00,2025-08-07,星期四,30,豬梅花火鍋片,2,142,20.0,1.0,,29,0.15,120.7,0,0,1,0,0,0,0,1,0,0,0,0,1,1,0,0,0.15,121.0
愛買 桃園店,18:30-19:00,2025-08-07,星期四,30,豬里肌烤肉片,4,132,20.0,1.0,,29,0.15,112.2,0,0,1,0,0,0,0,1,0,0,0,0,1,1,0,0,0.15,112.0
愛買 桃園店,18:30-19:00,2025-08-07,星期四,30,台灣珍豬豬絞肉,1,178,20.0,1.0,,29,0.15,151.29999999999998,0,0,1,0,0,0,0,1,0,0,0,0,1,1,0,0,0.15,151.0
愛買 桃園店,18:30-19:00,2025-08-07,星期四,30,去皮五花肉,1,163,50.0,1.0,,29,0.15,138.54999999999998,0,0,1,0,0,0,0,1,0,0,0,0,1,1,0,0,0.15,139.0
愛買 桃園店,18:30-19:00,2025-08-07,星期四,30,帶皮五花肉,2,293,20.0,1.0,,29,0.15,249.04999999999998,0,0,1,0,0,0,0,1,0,0,0,0,1,1,0,0,0.15,249.0
愛買 桃園店,18:30-19:00,2025-08-07,星期四,30,澳洲牛肉塊,2,211,20.0,1.0,,29,0.15,179.35,0,0,1,0,0,0,0,1,0,0,0,0,1,1,0,0,0.15,179.0
愛買 桃園店,18:30-19:00,2025-08-07,星期四,30,葡式蛋塔,6,100,5.0,3.0,,77,0.0,100.0,0,0,0,0,0,1,0,1,0,0,0,0,1,1,0,0,0.0,100.0
愛買 桃園店,18:30-19:00,2025-08-07,星期四,30,絲瓜,1,69,49.0,0.0,,5,0.45,37.95,0,0,0,1,0,0,0,1,0,0,0,0,1,1,0,0,0.45,38.0
愛買 桃園店,18:30-19:00,2025-08-07,星期四,30,玉女蕃茄,7,99,61.0,0.0,,5,0.25,74.25,1,0,0,0,0,0,0,1,0,0,0,0,1,1,0,0,0.25,74.0
愛買 桃園店,18:30-19:00,2025-08-12,星期二,29,澳洲牛筋膜,1,121,21.0,1.0,,29,0.15,102.85,0,0,1,0,0,0,0,1,0,0,0,0,1,1,0,0,0.15,103.0
愛買 桃園店,18:30-19:00,2025-08-12,星期二,29,豬里肌烤肉片,4,122,20.0,1.0,,29,0.15,103.7,0,0,1,0,0,0,0,1,0,0,0,0,1,1,0,0,0.15,104.0
愛買 桃園店,18:30-19:00,2025-08-12,星期二,29,帶皮五花肉,4,174,20.0,1.0,,29,0.15,147.9,0,0,1,0,0,0,0,1,0,0,0,0,1,1,0,0,0.15,148.0
愛買 桃園店,18:30-19:00,2025-08-12,星期二,29,里肌豬肉排,1,128,20.0,1.0,,29,0.15,108.8,0,0,1,0,0,0,0,1,0,0,0,0,1,1,0,0,0.15,109.0
愛買 桃園店,18:30-19:00,2025-08-12,星期二,29,葡式蛋塔,2,100,1.0,3.0,,77,0.0,100.0,0,0,0,0,0,1,0,1,0,0,0,0,1,1,0,0,0.0,100.0
愛買 桃園店,18:30-19:00,2025-08-12,星期二,29,高麗菜,1,79,38.0,0.0,,5,0.45,43.45,0,0,0,1,0,0,0,1,0,0,0,0,1,1,0,0,0.45,43.0
愛買 桃園店,18:30-19:00,2025-08-12,星期二,29,玉米兩條,2,75,35.0,0.0,,5,0.25,56.25,1,0,0,0,0,0,0,1,0,0,0,0,1,1,0,0,0.25,56.0
愛買 桃園店,18:30-19:00,2025-08-12,星期二,29,芹菜,5,80,51.0,0.0,,5,0.45,44.0,0,0,0,1,0,0,0,1,0,0,0,0,1,1,0,0,0.45,44.0
愛買 桃園店,18:30-19:00,2025-08-12,星期二,29,蚵白菜,3,39,51.0,0.0,,5,0.45,21.450000000000003,0,0,0,1,0,0,0,1,0,0,0,0,1,1,0,0,0.45,21.0
愛買 桃園店,18:30-19:00,2025-08-14,星期四,31,台灣里肌火鍋片,1,116,21.0,1.0,,29,0.15,98.6,0,0,1,0,0,0,0,1,0,0,0,0,1,1,0,0,0.15,99.0
愛買 桃園店,18:30-19:00,2025-08-14,星期四,31,豬小排,1,140,20.0,1.0,,29,0.15,119.0,0,0,1,0,0,0,0,1,0,0,0,0,1,1,0,0,0.15,119.0
愛買 桃園店,18:30-19:00,2025-08-14,星期四,31,豬里肌烤肉片,2,125,20.0,1.0,,29,0.15,106.25,0,0,1,0,0,0,0,1,0,0,0,0,1,1,0,0,0.15,106.0
愛買 桃園店,18:30-19:00,2025-08-14,星期四,31,珍豬軟骨,2,138,20.0,1.0,,29,0.15,117.3,0,0,1,0,0,0,0,1,0,0,0,0,1,1,0,0,0.15,117.0
愛買 桃園店,18:30-19:00,2025-08-14,星期四,31,帶皮五花肉,1,198,20.0,1.0,,29,0.15,168.29999999999998,0,0,1,0,0,0,0,1,0,0,0,0,1,1,0,0,0.15,168.0
愛買 桃園店,18:30-19:00,2025-08-14,星期四,31,里肌豬肉排,4,142,20.0,1.0,,29,0.15,120.7,0,0,1,0,0,0,0,1,0,0,0,0,1,1,0,0,0.15,121.0
愛買 桃園店,18:30-19:00,2025-08-14,星期四,31,去骨清雞腿肉,2,80,20.0,1.0,,29,0.15,68.0,0,0,1,0,0,0,0,1,0,0,0,0,1,1,0,0,0.15,68.0
愛買 桃園店,18:30-19:00,2025-08-14,星期四,31,金針菇,4,13,38.0,0.0,,5,0.45,7.15,0,0,0,1,0,0,0,1,0,0,0,0,1,1,0,0,0.45,7.0
愛買 桃園店,18:30-19:00,2025-08-14,星期四,31,水蓮,1,55,47.0,0.0,,5,0.25,41.25,1,0,0,0,0,0,0,1,0,0,0,0,1,1,0,0,0.25,41.0
愛買 桃園店,18:30-19:00,2025-08-14,星期四,31,大蒜,1,159,38.0,0.0,,5,0.25,119.25,1,0,0,0,0,0,0,1,0,0,0,0,1,1,0,0,0.25,119.0
愛買 桃園店,17:00-17:30,2025-08-24,星期日,33,豬後腱,3,208,20.0,1.0,,31,0.15,176.79999999999998,0,0,1,0,0,0,0,1,0,0,0,1,0,1,0,0,0.15,177.0
愛買 桃園店,17:00-17:30,2025-08-24,星期日,33,豬梅花火鍋片,6,131,21.0,1.0,,31,0.15,111.35,0,0,1,0,0,0,0,1,0,0,0,1,0,1,0,0,0.15,111.0
愛買 桃園店,17:00-17:30,2025-08-24,星期日,33,豬梅花烤肉片,3,132,20.0,1.0,,31,0.15,112.2,0,0,1,0,0,0,0,1,0,0,0,1,0,1,0,0,0.15,112.0
愛買 桃園店,17:00-17:30,2025-08-24,星期日,33,去皮五花肉,2,139,20.0,1.0,,31,0.15,118.14999999999999,0,0,1,0,0,0,0,1,0,0,0,1,0,1,0,0,0.15,118.0
愛買 桃園店,17:00-17:30,2025-08-24,星期日,33,澳洲特級牛炒肉片,2,151,21.0,1.0,,31,0.15,128.35,0,0,1,0,0,0,0,1,0,0,0,1,0,1,0,0,0.15,128.0
愛買 桃園店,17:00-17:30,2025-08-24,星期日,33,里肌豬肉排,1,158,20.0,1.0,,31,0.15,134.29999999999998,0,0,1,0,0,0,0,1,0,0,0,1,0,1,0,0,0.15,134.0
愛買 桃園店,17:00-17:30,2025-08-24,星期日,33,翅小腿,4,131,21.0,1.0,,31,0.15,111.35,0,0,1,0,0,0,0,1,0,0,0,1,0,1,0,0,0.15,111.0
愛買 桃園店,17:00-17:30,2025-08-24,星期日,33,雞胗,2,108,20.0,1.0,,31,0.15,91.8,0,0,1,0,0,0,0,1,0,0,0,1,0,1,0,0,0.15,92.0
愛買 桃園店,17:00-17:30,2025-08-24,星期日,33,絲瓜,2,79,51.0,0.0,,7,0.3,55.3,0,0,0,1,0,0,0,1,0,0,0,1,0,1,0,0,0.3,55.0
愛買 桃園店,17:00-17:30,2025-08-24,星期日,33,青蔥,5,80,39.0,0.0,,7,0.3,56.0,0,0,0,1,0,0,0,1,0,0,0,1,0,1,0,0,0.3,56.0
愛買 桃園店,18:00-18:30,2025-08-26,星期二,30,豬梅花烤肉片,1,162,20.0,1.0,,30,0.15,137.7,0,0,1,0,0,0,0,1,0,0,0,0,1,1,0,0,0.15,138.0
愛買 桃園店,18:00-18:30,2025-08-26,星期二,30,豬里肌烤肉片,2,139,20.0,1.0,,30,0.15,118.14999999999999,0,0,1,0,0,0,0,1,0,0,0,0,1,1,0,0,0.15,118.0
愛買 桃園店,18:00-18:30,2025-08-26,星期二,30,帶皮五花肉,1,214,20.0,1.0,,30,0.15,181.9,0,0,1,0,0,0,0,1,0,0,0,0,1,1,0,0,0.15,182.0
愛買 桃園店,18:00-18:30,2025-08-26,星期二,30,里肌豬肉排,1,170,20.0,1.0,,30,0.15,144.5,0,0,1,0,0,0,0,1,0,0,0,0,1,1,0,0,0.15,144.0
愛買 桃園店,18:00-18:30,2025-08-26,星期二,30,二節翅,1,108,20.0,1.0,,30,0.05,102.6,1,0,0,0,0,0,0,1,0,0,0,0,1,1,0,0,0.05,103.0
愛買 桃園店,18:00-18:30,2025-08-26,星期二,30,雞胗,3,98,20.0,1.0,,30,0.15,83.3,0,0,1,0,0,0,0,1,0,0,0,0,1,1,0,0,0.15,83.0
愛買 桃園店,18:00-18:30,2025-08-26,星期二,30,雞心,4,80,20.0,1.0,,30,0.15,68.0,0,0,1,0,0,0,0,1,0,0,0,0,1,1,0,0,0.15,68.0
愛買 桃園店,18:00-18:30,2025-08-26,星期二,30,牛雪花肉片,1,210,24.0,1.0,,30,0.15,178.5,0,0,1,0,0,0,0,1,0,0,0,0,1,1,0,0,0.15,178.0
愛買 桃園店,18:00-18:30,2025-08-26,星期二,30,芭樂 三粒,1,41,39.0,0.0,,6,0.45,22.55,0,0,0,1,0,0,0,1,0,0,0,0,1,1,0,0,0.45,23.0
愛買 桃園店,18:00-18:30,2025-08-26,星期二,30,地瓜葉,3,42,52.0,0.0,,6,0.45,23.1,0,0,0,1,0,0,0,1,0,0,0,0,1,1,0,0,0.45,23.0
愛買 桃園店,18:00-18:30,2025-08-26,星期二,30,白蘿蔔,2,35,29.0,0.0,,6,0.25,26.25,1,0,0,0,0,0,0,1,0,0,0,0,1,1,0,0,0.25,26.0
愛買 桃園店,18:00-1830,2025-08-28,星期四,31,豬小排,4,168,20.0,1.0,,48,0.15,142.79999999999998,0,0,1,0,0,0,0,1,0,0,0,0,1,1,0,0,0.15,143.0
愛買 桃園店,18:00-1830,2025-08-28,星期四,31,豬後腱,3,177,20.0,1.0,,48,0.15,150.45,0,0,1,0,0,0,0,1,0,0,0,0,1,1,0,0,0.15,150.0
愛買 桃園店,18:00-1830,2025-08-28,星期四,31,豬梅花火鍋片,3,125,20.0,1.0,,48,0.15,106.25,0,0,1,0,0,0,0,1,0,0,0,0,1,1,0,0,0.15,106.0
愛買 桃園店,18:00-1830,2025-08-28,星期四,31,帶皮五花肉,3,180,20.0,1.0,,48,0.15,153.0,0,0,1,0,0,0,0,1,0,0,0,0,1,1,0,0,0.15,153.0
愛買 桃園店,18:00-1830,2025-08-28,星期四,31,里肌豬肉排,1,138,20.0,1.0,,48,0.15,117.3,0,0,1,0,0,0,0,1,0,0,0,0,1,1,0,0,0.15,117.0
愛買 桃園店,18:00-1830,2025-08-28,星期四,31,豬梅花肉,4,208,20.0,1.0,,48,0.15,176.79999999999998,0,0,1,0,0,0,0,1,0,0,0,0,1,1,0,0,0.15,177.0
愛買 桃園店,18:00-1830,2025-08-28,星期四,31,翅小腿,1,160,20.0,1.0,,48,0.15,136.0,0,0,1,0,0,0,0,1,0,0,0,0,1,1,0,0,0.15,136.0
愛買 桃園店,18:00-1830,2025-08-28,星期四,31,牛雪花燒烤片,4,257,20.0,1.0,,48,0.15,218.45,0,0,1,0,0,0,0,1,0,0,0,0,1,1,0,0,0.15,218.0
愛買 桃園店,18:00-1830,2025-08-28,星期四,31,豬五花肉片,1,106,21.0,1.0,,48,0.15,90.1,0,0,1,0,0,0,0,1,0,0,0,0,1,1,0,0,0.15,90.0
愛買 桃園店,18:00-1830,2025-08-28,星期四,31,葡式蛋塔,2,100,5.0,2.0,,72,0.0,100.0,0,0,0,0,0,1,0,1,0,0,0,0,1,1,0,0,0.0,100.0
愛買 桃園店,18:00-1830,2025-08-29,星期五,31,豬小排,3,211,30.0,1.0,,48,0.15,179.35,0,0,1,0,0,0,0,1,0,0,1,0,0,1,0,0,0.15,179.0
愛買 桃園店,18:00-1830,2025-08-29,星期五,31,豬梅花火鍋片,1,131,31.0,1.0,,48,0.15,111.35,0,0,1,0,0,0,0,1,0,0,1,0,0,1,0,0,0.15,111.0
愛買 桃園店,18:00-1830,2025-08-29,星期五,31,豬里肌烤肉片,8,133,30.0,1.0,,48,0.15,113.05,0,0,1,0,0,0,0,1,0,0,1,0,0,1,0,0,0.15,113.0
愛買 桃園店,18:00-1830,2025-08-29,星期五,31,台灣珍豬豬絞肉,1,106,30.0,1.0,,48,0.15,90.1,0,0,1,0,0,0,0,1,0,0,1,0,0,1,0,0,0.15,90.0
愛買 桃園店,18:00-1830,2025-08-29,星期五,31,台糖里肌豬肉排,2,161,30.0,1.0,,48,0.15,136.85,0,0,1,0,0,0,0,1,0,0,1,0,0,1,0,0,0.15,137.0
愛買 桃園店,18:00-1830,2025-08-29,星期五,31,翅小腿,1,156,30.0,1.0,,48,0.15,132.6,0,0,1,0,0,0,0,1,0,0,1,0,0,1,0,0,0.15,133.0
愛買 桃園店,18:00-1830,2025-08-29,星期五,31,二節翅,1,92,30.0,1.0,,48,0.05,87.39999999999999,1,0,0,0,0,0,0,1,0,0,1,0,0,1,0,0,0.05,87.0
愛買 桃園店,18:00-1830,2025-08-29,星期五,31,雞胗,3,58,31.0,1.0,,48,0.15,49.3,0,0,1,0,0,0,0,1,0,0,1,0,0,1,0,0,0.15,49.0
愛買 桃園店,18:00-1830,2025-08-29,星期五,31,葡式蛋塔,4,100,25.0,2.0,,72,0.0,100.0,0,0,0,0,0,1,0,1,0,0,1,0,0,1,0,0,0.0,100.0
愛買 桃園店,18:00-1830,2025-08-29,星期五,31,莧菜,1,42,52.0,0.0,,24,0.2,33.6,0,0,0,1,0,0,0,1,0,0,1,0,0,1,0,0,0.2,34.0
愛買 桃園店,18:00-1830,2025-08-29,星期五,31,玉米筍,3,33,42.0,0.0,,24,0.2,26.400000000000002,0,0,0,1,0,0,0,1,0,0,1,0,0,1,0,0,0.2,26.0
愛買 桃園店,18:00-1830,2025-08-29,星期五,31,櫛瓜,1,150,47.0,0.0,,24,0.2,120.0,0,0,0,1,0,0,0,1,0,0,1,0,0,1,0,0,0.2,120.0
愛買 桃園店,18:00-1830,2025-09-10,星期三,29,豬後腱,4,139,30.0,1.0,,48,0.15,118.14999999999999,0,0,1,0,0,0,0,1,0,0,0,0,1,1,0,0,0.15,118.0
愛買 桃園店,18:00-1830,2025-09-10,星期三,29,去皮五花肉,3,137,31.0,1.0,,48,0.15,116.45,0,0,1,0,0,0,0,1,0,0,0,0,1,1,0,0,0.15,116.0
愛買 桃園店,18:00-1830,2025-09-10,星期三,29,珍豬軟骨,2,115,30.0,1.0,,48,0.15,97.75,0,0,1,0,0,0,0,1,0,0,0,0,1,1,0,0,0.15,98.0
愛買 桃園店,18:00-1830,2025-09-10,星期三,29,去骨清雞腿肉,2,115,30.0,1.0,,48,0.15,97.75,0,0,1,0,0,0,0,1,0,0,0,0,1,1,0,0,0.15,98.0
愛買 桃園店,18:00-1830,2025-09-10,星期三,29,翅小腿,1,124,31.0,1.0,,48,0.15,105.39999999999999,0,0,1,0,0,0,0,1,0,0,0,0,1,1,0,0,0.15,105.0
愛買 桃園店,18:00-1830,2025-09-10,星期三,29,葡式蛋塔,4,100,5.0,2.0,,72,0.0,100.0,0,0,0,0,0,1,0,1,0,0,0,0,1,1,0,0,0.0,100.0
愛買 桃園店,18:00-1830,2025-09-10,星期三,29,高麗菜,2,79,43.0,0.0,,24,0.2,63.2,0,0,0,1,0,0,0,1,0,0,0,0,1,1,0,0,0.2,63.0
愛買 桃園店,18:00-1830,2025-09-10,星期三,29,絲瓜,2,59,49.0,0.0,,24,0.2,47.2,0,0,0,1,0,0,0,1,0,0,0,0,1,1,0,0,0.2,47.0
愛買 桃園店,18:00-1830,2025-09-10,星期三,29,筊白筍,1,99,40.0,0.0,,24,0.2,79.2,0,0,0,1,0,0,0,1,0,0,0,0,1,1,0,0,0.2,79.0
愛買 桃園店,18:00-1830,2025-09-10,星期三,29,小松菜,3,39,62.0,0.0,,24,0.2,31.200000000000003,0,0,0,1,0,0,0,1,0,0,0,0,1,1,0,0,0.2,31.0
愛買 桃園店,17:30-18:00,2025-09-22,星期一,28,葡式蛋塔,8,100,25.0,2.0,,54,0.0,100.0,0,0,0,0,0,1,0,1,0,0,0,0,1,0,0,1,0.0,100.0
愛買 桃園店,17:30-18:00,2025-09-22,星期一,28,冷藏肉國產棒棒腿,1,176,30.0,1.0,,30,0.15,149.6,0,0,1,0,0,0,0,1,0,0,0,0,1,0,0,1,0.15,150.0
愛買 桃園店,17:30-18:00,2025-09-22,星期一,28,雞小里肌肉,2,112,30.0,1.0,,30,0.15,95.2,0,0,1,0,0,0,0,1,0,0,0,0,1,0,0,1,0.15,95.0
愛買 桃園店,17:30-18:00,2025-09-22,星期一,28,雞尾錐,2,102,30.0,1.0,,30,0.15,86.7,0,0,1,0,0,0,0,1,0,0,0,0,1,0,0,1,0.15,87.0
愛買 桃園店,17:30-18:00,2025-09-22,星期一,28,台灣土雞雞爪,2,114,31.0,1.0,,30,0.15,96.89999999999999,0,0,1,0,0,0,0,1,0,0,0,0,1,0,0,1,0.15,97.0
愛買 桃園店,17:30-18:00,2025-09-22,星期一,28,豬小排,3,150,30.0,1.0,,30,0.15,127.5,0,0,1,0,0,0,0,1,0,0,0,0,1,0,0,1,0.15,128.0
愛買 桃園店,17:30-18:00,2025-09-22,星期一,28,帶皮五花肉,3,252,30.0,1.0,,30,0.15,214.2,0,0,1,0,0,0,0,1,0,0,0,0,1,0,0,1,0.15,214.0
愛買 桃園店,17:30-18:00,2025-09-22,星期一,28,杏鮑菇,1,65,25.0,0.0,,6,0.45,35.75,0,0,0,1,0,0,0,1,0,0,0,0,1,0,0,1,0.45,36.0
愛買 桃園店,17:30-18:00,2025-09-22,星期一,28,金針菇,2,15,40.0,0.0,,6,0.45,8.25,0,0,0,1,0,0,0,1,0,0,0,0,1,0,0,1,0.45,8.0
愛買 桃園店,17:30-18:00,2025-09-22,星期一,28,中國白蘿蔔,2,35,46.0,0.0,,6,0.25,26.25,1,0,0,0,0,0,0,1,0,0,0,0,1,0,0,1,0.25,26.0
愛買 桃園店,17:30-18:00,2025-09-22,星期一,28,台灣胡瓜,5,49,41.0,0.0,,6,0.45,26.950000000000003,0,0,0,1,0,0,0,1,0,0,0,0,1,0,0,1,0.45,27.0
愛買 桃園店,17:30-18:00,2025-09-22,星期一,28,有機黑葉白菜,6,39,51.0,0.0,,6,0.45,21.450000000000003,0,0,0,1,0,0,0,1,0,0,0,0,1,0,0,1,0.45,21.0
愛買 桃園店,17:30-18:00,2025-09-22,星期一,28,芭樂 三粒,6,61,30.0,0.0,,6,0.45,33.550000000000004,0,0,0,1,0,0,0,1,0,0,0,0,1,0,0,1,0.45,34.0
愛買 桃園店,17:30-18:00,2025-09-22,星期一,28,水蓮,1,45,36.0,0.0,,6,0.25,33.75,1,0,0,0,0,0,0,1,0,0,0,0,1,0,0,1,0.25,34.0
愛買 桃園店,20:00-20:30,2025-09-23,星期二,28,葡式蛋塔,8,100,25.0,2.0,,52,0.0,100.0,0,0,0,0,0,1,0,1,0,0,0,0,1,0,0,1,0.0,100.0
愛買 桃園店,20:00-20:30,2025-09-23,星期二,28,雞尾錐,3,90,30.0,1.0,,28,0.15,76.5,0,0,1,0,0,0,0,1,0,0,0,0,1,0,0,1,0.15,76.0
愛買 桃園店,20:00-20:30,2025-09-23,星期二,28,豬里肌烤肉片,1,128,30.0,1.0,,28,0.15,108.8,0,0,1,0,0,0,0,1,0,0,0,0,1,0,0,1,0.15,109.0
愛買 桃園店,20:00-20:30,2025-09-23,星期二,28,台灣珍豬豬肉絲,1,89,30.0,1.0,,28,0.15,75.64999999999999,0,0,1,0,0,0,0,1,0,0,0,0,1,0,0,1,0.15,76.0
愛買 桃園店,20:00-20:30,2025-09-23,星期二,28,里肌豬肉排,1,163,30.0,1.0,,28,0.15,138.54999999999998,0,0,1,0,0,0,0,1,0,0,0,0,1,0,0,1,0.15,139.0
愛買 桃園店,20:00-20:30,2025-09-23,星期二,28,澳洲牛肉塊,2,160,30.0,1.0,,28,0.15,136.0,0,0,1,0,0,0,0,1,0,0,0,0,1,0,0,1,0.15,136.0
愛買 桃園店,20:00-20:30,2025-09-23,星期二,28,金針菇,1,15,40.0,0.0,,4,0.45,8.25,0,0,0,1,0,0,0,1,0,0,0,0,1,0,0,1,0.45,8.0
愛買 桃園店,20:00-20:30,2025-09-23,星期二,28,有機黑葉白菜,5,39,62.0,0.0,,4,0.45,21.450000000000003,0,0,0,1,0,0,0,1,0,0,0,0,1,0,0,1,0.45,21.0
愛買 桃園店,20:00-20:30,2025-09-23,星期二,28,有機蚵白菜,5,39,36.0,0.0,,4,0.45,21.450000000000003,0,0,0,1,0,0,0,1,0,0,0,0,1,0,0,1,0.45,21.0
愛買 桃園店,20:00-20:30,2025-09-23,星期二,28,有機小白菜,5,39,62.0,0.0,,4,0.45,21.450000000000003,0,0,0,1,0,0,0,1,0,0,0,0,1,0,0,1,0.45,21.0
愛買 桃園店,20:00-20:30,2025-09-23,星期二,28,小黃瓜,1,42,40.0,0.0,,4,0.45,23.1,0,0,0,1,0,0,0,1,0,0,0,0,1,0,0,1,0.45,23.0
愛買 桃園店,20:00-20:30,2025-09-23,星期二,28,芭樂,10,63,44.0,0.0,,4,0.45,34.650000000000006,0,0,0,1,0,0,0,1,0,0,0,0,1,0,0,1,0.45,35.0
愛買 桃園店,20:00-20:30,2025-09-23,星期二,28,梨山香梨,2,129,39.0,0.0,,4,0.25,96.75,1,0,0,0,0,0,0,1,0,0,0,0,1,0,0,1,0.25,97.0
愛買 桃園店,20:00-20:30,2025-09-23,星期二,28,百香果,3,129,39.0,0.0,,4,0.45,70.95,0,0,0,1,0,0,0,1,0,0,0,0,1,0,0,1,0.45,71.0
愛買 桃園店,20:00-20:30,2025-09-23,星期二,28,奇異果,2,159,31.0,0.0,,4,0.45,87.45,0,0,0,1,0,0,0,1,0,0,0,0,1,0,0,1,0.45,87.0
愛買 桃園店,18:00-18:30,2025-09-24,星期三,29,葡式蛋塔,4,100,5.0,2.0,,54,0.0,100.0,0,0,0,0,0,1,0,1,0,0,0,0,1,1,0,0,0.0,100.0
愛買 桃園店,18:00-18:30,2025-09-24,星期三,29,雞清胸肉,1,60,30.0,1.0,,30,0.15,51.0,0,0,1,0,0,0,0,1,0,0,0,0,1,1,0,0,0.15,51.0
愛買 桃園店,18:00-18:30,2025-09-24,星期三,29,翅小腿,2,174,30.0,1.0,,30,0.15,147.9,0,0,1,0,0,0,0,1,0,0,0,0,1,1,0,0,0.15,148.0
愛買 桃園店,18:00-18:30,2025-09-24,星期三,29,雞小里肌肉,1,160,30.0,1.0,,30,0.15,136.0,0,0,1,0,0,0,0,1,0,0,0,0,1,1,0,0,0.15,136.0
愛買 桃園店,18:00-18:30,2025-09-24,星期三,29,雞胗,3,93,30.0,1.0,,30,0.15,79.05,0,0,1,0,0,0,0,1,0,0,0,0,1,1,0,0,0.15,79.0
愛買 桃園店,18:00-18:30,2025-09-24,星期三,29,國產二節翅,1,117,31.0,1.0,,30,0.05,111.14999999999999,1,0,0,0,0,0,0,1,0,0,0,0,1,1,0,0,0.05,111.0
愛買 桃園店,18:00-18:30,2025-09-24,星期三,29,豬小排,2,198,30.0,1.0,,30,0.15,168.29999999999998,0,0,1,0,0,0,0,1,0,0,0,0,1,1,0,0,0.15,168.0
愛買 桃園店,18:00-18:30,2025-09-24,星期三,29,豬梅花烤肉片,4,159,30.0,1.0,,30,0.15,135.15,0,0,1,0,0,0,0,1,0,0,0,0,1,1,0,0,0.15,135.0
愛買 桃園店,18:00-18:30,2025-09-24,星期三,29,豬里肌烤肉片,5,144,31.0,1.0,,30,0.15,122.39999999999999,0,0,1,0,0,0,0,1,0,0,0,0,1,1,0,0,0.15,122.0
愛買 桃園店,18:00-18:30,2025-09-24,星期三,29,去皮五花肉,2,231,30.0,1.0,,30,0.15,196.35,0,0,1,0,0,0,0,1,0,0,0,0,1,1,0,0,0.15,196.0
愛買 桃園店,18:00-18:30,2025-09-24,星期三,29,帶皮五花肉,2,230,30.0,1.0,,30,0.15,195.5,0,0,1,0,0,0,0,1,0,0,0,0,1,1,0,0,0.15,196.0
愛買 桃園店,18:00-18:30,2025-09-24,星期三,29,豬後腱,2,211,30.0,1.0,,30,0.15,179.35,0,0,1,0,0,0,0,1,0,0,0,0,1,1,0,0,0.15,179.0
愛買 桃園店,18:00-18:30,2025-09-24,星期三,29,豬梅花肉,1,226,30.0,1.0,,30,0.15,192.1,0,0,1,0,0,0,0,1,0,0,0,0,1,1,0,0,0.15,192.0
愛買 桃園店,18:00-18:30,2025-09-24,星期三,29,澳洲牛炒肉絲,4,113,30.0,1.0,,30,0.15,96.05,0,0,1,0,0,0,0,1,0,0,0,0,1,1,0,0,0.15,96.0
愛買 桃園店,18:00-18:30,2025-09-24,星期三,29,澳洲牛筋膜,1,134,31.0,1.0,,30,0.15,113.89999999999999,0,0,1,0,0,0,0,1,0,0,0,0,1,1,0,0,0.15,114.0
愛買 桃園店,18:00-18:30,2025-09-24,星期三,29,雪白菇,1,33,42.0,0.0,,6,0.45,18.150000000000002,0,0,0,1,0,0,0,1,0,0,0,0,1,1,0,0,0.45,18.0
愛買 桃園店,18:00-18:30,2025-09-24,星期三,29,金針菇,2,15,33.0,0.0,,6,0.45,8.25,0,0,0,1,0,0,0,1,0,0,0,0,1,1,0,0,0.45,8.0
愛買 桃園店,18:00-18:30,2025-09-24,星期三,29,水蓮,1,52,33.0,0.0,,6,0.25,39.0,1,0,0,0,0,0,0,1,0,0,0,0,1,1,0,0,0.25,39.0
愛買 桃園店,18:00-18:30,2025-09-24,星期三,29,花椰菜,2,99,30.0,0.0,,6,0.45,54.45,0,0,0,1,0,0,0,1,0,0,0,0,1,1,0,0,0.45,54.0
愛買 桃園店,18:00-18:30,2025-09-24,星期三,29,有機黑葉白菜,15,35,57.0,0.0,,6,0.45,19.25,0,0,0,1,0,0,0,1,0,0,0,0,1,1,0,0,0.45,19.0
愛買 桃園店,18:00-18:30,2025-09-24,星期三,29,有機地瓜葉,2,39,62.0,0.0,,6,0.45,21.450000000000003,0,0,0,1,0,0,0,1,0,0,0,0,1,1,0,0,0.45,21.0
愛買 桃園店,18:00-18:30,2025-09-24,星期三,29,有機小松菜,1,42,40.0,0.0,,6,0.45,23.1,0,0,0,1,0,0,0,1,0,0,0,0,1,1,0,0,0.45,23.0
愛買 桃園店,18:00-18:30,2025-09-24,星期三,29,絲瓜,1,75,35.0,0.0,,6,0.45,41.25,0,0,0,1,0,0,0,1,0,0,0,0,1,1,0,0,0.45,41.0
愛買 桃園店,18:00-18:30,2025-09-24,星期三,29,筊白筍,1,99,30.0,0.0,,6,0.45,54.45,0,0,0,1,0,0,0,1,0,0,0,0,1,1,0,0,0.45,54.0
愛買 桃園店,18:00-18:30,2025-09-24,星期三,29,百香果,4,129,39.0,0.0,,6,0.45,70.95,0,0,0,1,0,0,0,1,0,0,0,0,1,1,0,0,0.45,71.0
愛買 桃園店,18:00-18:30,2025-09-24,星期三,29,檸檬,1,72,32.0,0.0,,6,0.25,54.0,1,0,0,0,0,0,0,1,0,0,0,0,1,1,0,0,0.25,54.0
愛買 桃園店,18:00-18:30,2025-09-24,星期三,29,麝香葡萄,2,269,30.0,0.0,,6,0.25,201.75,1,0,0,0,0,0,0,1,0,0,0,0,1,1,0,0,0.25,202.0
愛買 桃園店,18:00-18:30,2025-09-24,星期三,29,文旦,2,79,25.0,0.0,,6,0.25,59.25,1,0,0,0,0,0,0,1,0,0,0,0,1,1,0,0,0.25,59.0
愛買 桃園店,18:00-18:30,2025-09-24,星期三,29,美國芹菜,4,89,49.0,0.0,,6,0.45,48.95,0,0,0,1,0,0,0,1,0,0,0,0,1,1,0,0,0.45,49.0
愛買 桃園店,19:00-19:30,2025-09-25,星期四,29,葡式蛋塔,7,100,25.0,2.0,,53,0.0,100.0,0,0,0,0,0,1,0,1,0,0,0,0,1,1,0,0,0.0,100.0
愛買 桃園店,19:00-19:30,2025-09-25,星期四,29,雞胗,1,92,30.0,1.0,,29,0.15,78.2,0,0,1,0,0,0,0,1,0,0,0,0,1,1,0,0,0.15,78.0
愛買 桃園店,19:00-19:30,2025-09-25,星期四,29,雞心,1,102,30.0,1.0,,29,0.15,86.7,0,0,1,0,0,0,0,1,0,0,0,0,1,1,0,0,0.15,87.0
愛買 桃園店,19:00-19:30,2025-09-25,星期四,29,台灣土雞雞爪,1,112,30.0,1.0,,29,0.15,95.2,0,0,1,0,0,0,0,1,0,0,0,0,1,1,0,0,0.15,95.0
愛買 桃園店,19:00-19:30,2025-09-25,星期四,29,豬梅花火鍋片,2,165,30.0,1.0,,29,0.15,140.25,0,0,1,0,0,0,0,1,0,0,0,0,1,1,0,0,0.15,140.0
愛買 桃園店,19:00-19:30,2025-09-25,星期四,29,豬里肌烤肉片,5,128,30.0,1.0,,29,0.15,108.8,0,0,1,0,0,0,0,1,0,0,0,0,1,1,0,0,0.15,109.0
愛買 桃園店,19:00-19:30,2025-09-25,星期四,29,去皮五花肉,2,165,30.0,1.0,,29,0.15,140.25,0,0,1,0,0,0,0,1,0,0,0,0,1,1,0,0,0.15,140.0
愛買 桃園店,19:00-19:30,2025-09-25,星期四,29,附皮五花肉條,2,275,30.0,1.0,,29,0.15,233.75,0,0,1,0,0,0,0,1,0,0,0,0,1,1,0,0,0.15,234.0
愛買 桃園店,19:00-19:30,2025-09-25,星期四,29,金針菇,2,15,33.0,0.0,,5,0.45,8.25,0,0,0,1,0,0,0,1,0,0,0,0,1,1,0,0,0.45,8.0
愛買 桃園店,19:00-19:30,2025-09-25,星期四,29,有機黑葉白菜,8,35,57.0,0.0,,5,0.45,19.25,0,0,0,1,0,0,0,1,0,0,0,0,1,1,0,0,0.45,19.0
愛買 桃園店,19:00-19:30,2025-09-25,星期四,29,小黃瓜,1,47,47.0,0.0,,5,0.45,25.85,0,0,0,1,0,0,0,1,0,0,0,0,1,1,0,0,0.45,26.0
愛買 桃園店,19:00-19:30,2025-09-25,星期四,29,酪梨,2,74,34.0,0.0,,5,0.25,55.5,1,0,0,0,0,0,0,1,0,0,0,0,1,1,0,0,0.25,56.0
愛買 桃園店,19:00-19:30,2025-09-25,星期四,29,百香果,1,129,39.0,0.0,,5,0.45,70.95,0,0,0,1,0,0,0,1,0,0,0,0,1,1,0,0,0.45,71.0
愛買 桃園店,19:00-19:30,2025-09-25,星期四,29,檸檬,1,72,32.0,0.0,,5,0.25,54.0,1,0,0,0,0,0,0,1,0,0,0,0,1,1,0,0,0.25,54.0
愛買 桃園店,19:00-19:30,2025-09-25,星期四,29,奇異果,1,159,31.0,0.0,,5,0.45,87.45,0,0,0,1,0,0,0,1,0,0,0,0,1,1,0,0,0.45,87.0
愛買 桃園店,19:00-19:30,2025-09-25,星期四,29,麝香葡萄,2,269,52.0,0.0,,5,0.25,201.75,1,0,0,0,0,0,0,1,0,0,0,0,1,1,0,0,0.25,202.0
愛買 桃園店,19:00-19:30,2025-09-25,星期四,29,文旦,2,79,25.0,0.0,,5,0.25,59.25,1,0,0,0,0,0,0,1,0,0,0,0,1,1,0,0,0.25,59.0
愛買 桃園店,18:00-18:30,2025-10-01,星期三,30,葡式蛋塔,5,100,5.0,2.0,,54,0.0,100.0,0,0,0,0,0,1,0,1,0,0,0,0,1,1,0,0,0.0,100.0
愛買 桃園店,18:00-18:30,2025-10-01,星期三,30,去皮五花肉,1,133,30.0,1.0,,30,0.15,113.05,0,0,1,0,0,0,0,1,0,0,0,0,1,1,0,0,0.15,113.0
愛買 桃園店,18:00-18:30,2025-10-01,星期三,30,澳洲牛炒肉絲,4,160,30.0,1.0,,30,0.15,136.0,0,0,1,0,0,0,0,1,0,0,0,0,1,1,0,0,0.15,136.0
愛買 桃園店,18:00-18:30,2025-10-01,星期三,30,澳洲牛肉塊,3,168,30.0,1.0,,30,0.15,142.79999999999998,0,0,1,0,0,0,0,1,0,0,0,0,1,1,0,0,0.15,143.0
愛買 桃園店,18:00-18:30,2025-10-01,星期三,30,澳洲牛筋膜,2,187,30.0,1.0,,30,0.15,158.95,0,0,1,0,0,0,0,1,0,0,0,0,1,1,0,0,0.15,159.0
愛買 桃園店,18:00-18:30,2025-10-01,星期三,30,金針菇,1,15,33.0,0.0,,6,0.45,8.25,0,0,0,1,0,0,0,1,0,0,0,0,1,1,0,0,0.45,8.0
愛買 桃園店,18:00-18:30,2025-10-01,星期三,30,玉米筍,2,35,43.0,0.0,,6,0.45,19.25,0,0,0,1,0,0,0,1,0,0,0,0,1,1,0,0,0.45,19.0
愛買 桃園店,18:00-18:30,2025-10-01,星期三,30,花椰菜,2,99,30.0,0.0,,6,0.45,54.45,0,0,0,1,0,0,0,1,0,0,0,0,1,1,0,0,0.45,54.0
愛買 桃園店,18:00-18:30,2025-10-01,星期三,30,智利富士蘋果/2顆,3,89,45.0,0.0,,6,0.45,48.95,0,0,0,1,0,0,0,1,0,0,0,0,1,1,0,0,0.45,49.0
愛買 桃園店,18:00-18:30,2025-10-01,星期三,30,玉米兩條,3,59,34.0,0.0,,6,0.25,44.25,1,0,0,0,0,0,0,1,0,0,0,0,1,1,0,0,0.25,44.0
愛買 桃園店,18:00-18:30,2025-10-01,星期三,30,奶油白菜,1,39,49.0,0.0,,6,0.45,21.450000000000003,0,0,0,1,0,0,0,1,0,0,0,0,1,1,0,0,0.45,21.0
愛買 桃園店,18:00-18:30,2025-10-01,星期三,30,芹菜,2,85,42.0,0.0,,6,0.45,46.75000000000001,0,0,0,1,0,0,0,1,0,0,0,0,1,1,0,0,0.45,47.0
愛買 桃園店,18:00-18:30,2025-10-01,星期三,30,筊白筍,11,115,40.0,0.0,,6,0.45,63.25000000000001,0,0,0,1,0,0,0,1,0,0,0,0,1,1,0,0,0.45,63.0
愛買 桃園店,18:00-18:30,2025-10-01,星期三,30,百香果,2,129,34.0,0.0,,6,0.45,70.95,0,0,0,1,0,0,0,1,0,0,0,0,1,1,0,0,0.45,71.0
愛買 桃園店,18:00-18:30,2025-10-01,星期三,30,甘露梨,15,99,30.0,0.0,,6,0.25,74.25,1,0,0,0,0,0,0,1,0,0,0,0,1,1,0,0,0.25,74.0
愛買 桃園店,18:00-18:30,2025-10-02,星期四,29,葡式蛋塔,3,100,5.0,2.0,,54,0.0,100.0,0,0,0,0,0,1,0,1,0,0,0,0,1,1,0,0,0.0,100.0
愛買 桃園店,18:00-18:30,2025-10-02,星期四,29,附皮五花肉條,12,340,20.0,2.0,,54,0.0,340.0,0,0,1,0,0,0,0,1,0,0,0,0,1,1,0,0,0.0,340.0
愛買 桃園店,18:00-18:30,2025-10-02,星期四,29,冷凍板腱燒烤片,8,490,30.0,2.0,,54,0.0,490.0,1,0,0,0,0,0,0,1,0,0,0,0,1,1,0,0,0.0,490.0
愛買 桃園店,18:00-18:30,2025-10-02,星期四,29,杏鮑菇,8,65,31.0,0.0,,6,0.45,35.75,0,0,0,1,0,0,0,1,0,0,0,0,1,1,0,0,0.45,36.0
愛買 桃園店,18:00-18:30,2025-10-02,星期四,29,金針菇,4,15,40.0,0.0,,6,0.45,8.25,0,0,0,1,0,0,0,1,0,0,0,0,1,1,0,0,0.45,8.0
愛買 桃園店,18:00-18:30,2025-10-02,星期四,29,水蓮,1,39,51.0,0.0,,6,0.25,29.25,1,0,0,0,0,0,0,1,0,0,0,0,1,1,0,0,0.25,29.0
愛買 桃園店,18:00-18:30,2025-10-02,星期四,29,花椰菜,1,99,40.0,0.0,,6,0.45,54.45,0,0,0,1,0,0,0,1,0,0,0,0,1,1,0,0,0.45,54.0
愛買 桃園店,18:00-18:30,2025-10-02,星期四,29,小黃瓜,2,49,49.0,0.0,,6,0.45,26.950000000000003,0,0,0,1,0,0,0,1,0,0,0,0,1,1,0,0,0.45,27.0
愛買 桃園店,18:00-18:30,2025-10-02,星期四,29,筊白筍,11,115,57.0,0.0,,6,0.45,63.25000000000001,0,0,0,1,0,0,0,1,0,0,0,0,1,1,0,0,0.45,63.0
愛買 桃園店,18:00-18:30,2025-10-02,星期四,29,宜蘭大蒜,1,159,40.0,0.0,,6,0.25,119.25,1,0,0,0,0,0,0,1,0,0,0,0,1,1,0,0,0.25,119.0
愛買 桃園店,18:00-18:30,2025-10-02,星期四,29,台灣青蔥,2,85,41.0,0.0,,6,0.45,46.75000000000001,0,0,0,1,0,0,0,1,0,0,0,0,1,1,0,0,0.45,47.0
愛買 桃園店,18:00-18:30,2025-10-02,星期四,29,秋葵,1,39,51.0,0.0,,6,0.25,29.25,1,0,0,0,0,0,0,1,0,0,0,0,1,1,0,0,0.25,29.0
愛買 桃園店,18:00-18:30,2025-10-02,星期四,29,青椒,2,99,40.0,0.0,,6,0.45,54.45,0,0,0,1,0,0,0,1,0,0,0,0,1,1,0,0,0.45,54.0
